date_temp,id,blind_box_id2,program_id,name_en,type,coupon_ref_id,stock_total,stock_distributed,total_user_claimed,total_user_redeemed,spend_amount
2026-09-01,30034,1,GAMIFICATION-SEASON2,Indomaret Discount of Rp5K,COUPON,C20260907100004,25000,38,0,0,
2026-09-01,30035,1,GAMIFICATION-SEASON2,Cinema XXI Discount of Rp5K,COUPON,C20260907090002,25000,45,0,0,
2026-09-01,30036,1,GAMIFICATION-SEASON2,Green SM Discount of Rp5K,COUPON,C20260907100001,25000,41,0,0,
2026-09-01,30037,1,GAMIFICATION-SEASON2,Bluebird Discount of Rp5K,COUPON,C20260907100002,25000,49,0,0,
2026-09-01,30038,1,GAMIFICATION-SEASON2,Tokopedia Discount of Rp5K,COUPON,C20260907100005,25000,72,0,0,
2026-09-01,30039,1,GAMIFICATION-SEASON2,Balance Rp100,CASHBACK,,211809,281,0,0,
2026-09-01,30040,1,GAMIFICATION-SEASON2,Balance Rp500,CASHBACK,,141206,173,0,0,
2026-09-01,30041,1,GAMIFICATION-SEASON2,Balance Rp700,CASHBACK,,70603,80,0,0,
2026-09-01,30042,1,GAMIFICATION-SEASON2,Balance Rp1.000,CASHBACK,,70603,81,0,0,
2026-09-01,30043,2,GAMIFICATION-SEASON2,5 Weverse Jelly,COUPON,C20260818100001,41,8,0,0,
2026-09-01,30044,2,GAMIFICATION-SEASON2,Indomaret Discount of Rp5K,COUPON,C20260907090001,20000,54,0,0,
2026-09-01,30045,2,GAMIFICATION-SEASON2,Tokopedia Discount of Rp5K,COUPON,C20260907100003,25000,52,0,0,
2026-09-01,30046,2,GAMIFICATION-SEASON2,Blibli Discount of Rp5K,COUPON,C20260907100006,25000,105,0,0,
2026-09-01,30047,2,GAMIFICATION-SEASON2,15% Discount in Ismaya+ Merchant,COUPON,C20260827120001,408,5,0,0,
2026-09-01,30048,2,GAMIFICATION-SEASON2,Balance Rp100,CASHBACK,,122404,170,0,0,
2026-09-01,30049,2,GAMIFICATION-SEASON2,Balance Rp500,CASHBACK,,61202,106,1,1,500.00
2026-09-01,30050,2,GAMIFICATION-SEASON2,Balance Rp700,CASHBACK,,61202,83,0,0,
2026-09-01,30051,2,GAMIFICATION-SEASON2,Balance Rp1.000,CASHBACK,,12240,18,0,0,
2026-09-01,30052,3,GAMIFICATION-SEASON2,Transmart Discount of Rp10K,COUPON,C20260812110002,21957,43,0,0,
2026-09-01,30053,3,GAMIFICATION-SEASON2,Metro Discount of Rp10K,COUPON,C20260818100002,10979,20,0,0,
2026-09-01,30054,3,GAMIFICATION-SEASON2,Wendy's Discount of Rp5K,COUPON,C20260818140002,10979,22,0,0,
2026-09-01,30055,3,GAMIFICATION-SEASON2,Baskin Robbins Discount of Rp5K,COUPON,C20260820110001,10979,24,0,0,
2026-09-01,30056,3,GAMIFICATION-SEASON2,The Coffee Bean & Tea Leaf  Discount of Rp5K,COUPON,C20260910100001,10979,21,0,0,
2026-09-01,30057,3,GAMIFICATION-SEASON2,Metro Discount of Rp5K,COUPON,C20260818140005,10979,28,0,0,
2026-09-01,30058,3,GAMIFICATION-SEASON2,Balance Rp100,CASHBACK,,21957,36,0,0,
2026-09-01,30059,3,GAMIFICATION-SEASON2,Balance Rp500,CASHBACK,,43914,92,0,0,
2026-09-01,30060,3,GAMIFICATION-SEASON2,Balance Rp700,CASHBACK,,43914,79,0,0,
2026-09-01,30061,3,GAMIFICATION-SEASON2,Balance Rp1.000,CASHBACK,,32936,45,0,0,
2026-09-01,30062,4,GAMIFICATION-SEASON2,Tokopedia Discount of Rp10K,COUPON,C20260818150001,10713,27,0,0,
2026-09-01,30063,4,GAMIFICATION-SEASON2,Blibli Discount of Rp15K,COUPON,C20260818150002,5357,15,0,0,
2026-09-01,30064,4,GAMIFICATION-SEASON2,Metro Discount of Rp50K,COUPON,C20260818150003,5357,9,0,0,
2026-09-01,30065,4,GAMIFICATION-SEASON2,Metro Discount of Rp15K,COUPON,C20260818150004,10713,26,0,0,
2026-09-01,30066,4,GAMIFICATION-SEASON2,Metro Discount of Rp10K,COUPON,C20260818150008,10713,28,0,0,
2026-09-01,30067,4,GAMIFICATION-SEASON2,Zena Discount of Rp100K,COUPON,C20260827110001,30,2,0,0,
2026-09-01,30068,4,GAMIFICATION-SEASON2,Prime Bag by Zena,COUPON,C20260821160004,6,2,0,0,
2026-09-01,30069,4,GAMIFICATION-SEASON2,Iris Bag by Zena,COUPON,C20260821160005,7,0,0,0,
2026-09-01,30070,4,GAMIFICATION-SEASON2,Balance Rp100,CASHBACK,,12856,18,0,0,
2026-09-01,30071,4,GAMIFICATION-SEASON2,Balance Rp500,CASHBACK,,21426,26,0,0,
2026-09-01,30072,4,GAMIFICATION-SEASON2,Balance Rp700,CASHBACK,,16070,23,0,0,
2026-09-01,30073,4,GAMIFICATION-SEASON2,Balance Rp1.000,CASHBACK,,10713,17,0,0,
2026-09-01,30125,4,GAMIFICATION-SEASON2,JD Sports Discount of Rp100K,COUPON,C20260909140001,346,0,0,0,
2026-09-01,30126,4,GAMIFICATION-SEASON2,JD Sports Discount of Rp50K,COUPON,C20260909140002,346,2,0,0,
2026-09-01,30074,5,GAMIFICATION-SEASON2,Weverse Digital Membership,COUPON,C20260826140001,821,0,0,0,
2026-09-01,30075,5,GAMIFICATION-SEASON2,5 Weverse Jelly,COUPON,C20260826140002,57,4,0,0,
2026-09-01,30076,5,GAMIFICATION-SEASON2,Weverse DM,COUPON,C20260826150001,91,0,0,0,
2026-09-01,30077,5,GAMIFICATION-SEASON2,Balance Rp500,CASHBACK,,13675,5,0,0,
2026-09-01,30078,5,GAMIFICATION-SEASON2,Balance Rp1.000,CASHBACK,,4558,3,0,0,
2026-09-01,30079,5,GAMIFICATION-SEASON2,Balance Rp2.000,CASHBACK,,4558,0,0,0,
2026-09-01,30080,5,GAMIFICATION-SEASON2,Balance Rp5.000,CASHBACK,,2279,0,0,0,
2026-09-01,30081,6,GAMIFICATION-SEASON2,Cinema XXI Discount of Rp75K,COUPON,C20260814170004,2144,0,0,0,
2026-09-01,30082,6,GAMIFICATION-SEASON2,Cinema XXI Discount of Rp50K,COUPON,C20260812160002,4288,0,0,0,
2026-09-01,30083,6,GAMIFICATION-SEASON2,Cinema XXI Discount of Rp20K,COUPON,C20260812160004,5360,0,0,0,
2026-09-01,30084,6,GAMIFICATION-SEASON2,Balance Rp1.000,CASHBACK,,3216,0,0,0,
2026-09-01,30085,6,GAMIFICATION-SEASON2,Balance Rp2.000,CASHBACK,,3216,1,0,0,
2026-09-01,30086,6,GAMIFICATION-SEASON2,Balance Rp3.000,CASHBACK,,3216,0,0,0,
2026-09-01,30087,7,GAMIFICATION-SEASON2,Shopee Discount of Rp500K,COUPON,C20260821150001,6,0,0,0,
2026-09-01,30088,7,GAMIFICATION-SEASON2,Shopee Discount of Rp100K,COUPON,C20260821150003,13,0,0,0,
2026-09-01,30089,7,GAMIFICATION-SEASON2,Shopee Discount of Rp50K,COUPON,C20260821150004,13,0,0,0,
2026-09-01,30090,7,GAMIFICATION-SEASON2,Blibli Discount of Rp50K,COUPON,C20260821160001,13,0,0,0,
2026-09-01,30091,7,GAMIFICATION-SEASON2,Gocar Discount of Rp25K,COUPON,C20260821150005,132,0,0,0,
2026-09-01,30092,7,GAMIFICATION-SEASON2,GoFood Discount of Rp25K,COUPON,C20260821150006,211,0,0,0,
2026-09-01,30093,7,GAMIFICATION-SEASON2,GoFood Discount of Rp50K,COUPON,C20260821150007,132,0,0,0,
2026-09-01,30094,7,GAMIFICATION-SEASON2,GrabFood Discount of Rp50K,COUPON,,13,0,0,0,
2026-09-01,30095,7,GAMIFICATION-SEASON2,Balance Rp1.000,CASHBACK,,395,0,0,0,
2026-09-01,30096,7,GAMIFICATION-SEASON2,Balance Rp2.000,CASHBACK,,2633,0,0,0,
2026-09-01,30097,7,GAMIFICATION-SEASON2,Balance Rp5.000,CASHBACK,,1304,0,0,0,
2026-09-01,30098,8,GAMIFICATION-SEASON2,All Pro Bag by Zena,COUPON,C20260821160006,2,0,0,0,
2026-09-01,30099,8,GAMIFICATION-SEASON2,City Bag by Zena,COUPON,C20260821160007,2,0,0,0,
2026-09-01,30100,8,GAMIFICATION-SEASON2,Aero Bag by Zena,COUPON,C20260821160008,2,0,0,0,
2026-09-01,30101,8,GAMIFICATION-SEASON2,Balance Rp5.000,CASHBACK,,2236,0,0,0,
2026-09-01,30102,8,GAMIFICATION-SEASON2,Balance Rp10.000,CASHBACK,,1491,0,0,0,
2026-09-01,30127,8,GAMIFICATION-SEASON2,Rp100k Court Disc by DOOgether,COUPON,,5,0,0,0,
2026-09-01,30128,8,GAMIFICATION-SEASON2,JD Sports Discount of Rp200K,COUPON,C20260909140003,745,0,0,0,
2026-09-01,30129,8,GAMIFICATION-SEASON2,JD Sports Rp500k,COUPON,C20260909140004,7,0,0,0,
2026-09-01,30130,8,GAMIFICATION-SEASON2,JD Sports 100K Discount,COUPON,C20260909140005,1118,0,0,0,
2026-09-01,30131,8,GAMIFICATION-SEASON2,JD Sports Rp150K Discount,COUPON,C20260909140006,1118,0,0,0,
2026-09-01,30132,8,GAMIFICATION-SEASON2,On Cloudtilt Shoes (JD Sports),COUPON,C20260909150005,1,0,0,0,
2026-09-01,30133,8,GAMIFICATION-SEASON2,1 Session in Strong Pilates,COUPON,,0,0,0,0,
2026-09-01,30103,9,GAMIFICATION-SEASON2,Tokopedia Discount of Rp25K,COUPON,C20260821140001,629,0,0,0,
2026-09-01,30104,9,GAMIFICATION-SEASON2,Blibli Discount of Rp50K,COUPON,C20260821140002,1593,0,0,0,
2026-09-01,30105,9,GAMIFICATION-SEASON2,Balance Rp10.000,CASHBACK,,922,0,0,0,
2026-09-01,30106,9,GAMIFICATION-SEASON2,Balance Rp20.000,CASHBACK,,629,0,0,0,
2026-09-01,30107,9,GAMIFICATION-SEASON2,Balance Rp30.000,CASHBACK,,210,0,0,0,
2026-09-01,30134,9,GAMIFICATION-SEASON2,K-Pop Lightstick,COUPON,C20260909150009,10,0,0,0,
2026-09-01,30135,9,GAMIFICATION-SEASON2,K-Pop Album,COUPON,C20260909150010,10,0,0,0,
2026-09-01,30108,10,GAMIFICATION-SEASON2,Ismaya+ Discount of Rp10K,COUPON,C20260818150009,211,0,0,0,
2026-09-01,30109,10,GAMIFICATION-SEASON2,Ismaya+ Discount of Rp250K,COUPON,C20260813100004,5,0,0,0,
2026-09-01,30110,10,GAMIFICATION-SEASON2,Ismaya+ Discount of Rp150K,COUPON,C20260818150007,7,0,0,0,
2026-09-01,30111,10,GAMIFICATION-SEASON2,Ismaya+ Discount of Rp100K,COUPON,C20260812150001,5,0,0,0,
2026-09-01,30112,10,GAMIFICATION-SEASON2,Ismaya+ Discount of Rp50K,COUPON,C20260812150002,2,0,0,0,
2026-09-01,30113,10,GAMIFICATION-SEASON2,Balance Rp10.000,CASHBACK,,329,0,0,0,
2026-09-01,30114,10,GAMIFICATION-SEASON2,Balance Rp20.000,CASHBACK,,52,0,0,0,
2026-09-01,30115,11,GAMIFICATION-SEASON2,Antavaya Discount of Rp200K,COUPON,C20260818150006,311,0,0,0,
2026-09-01,30116,11,GAMIFICATION-SEASON2,Tokopedia Discount of Rp300K,COUPON,C20260812150004,130,0,0,0,
2026-09-01,30117,11,GAMIFICATION-SEASON2,Blibli Discount of Rp200K,COUPON,C20260818150005,194,0,0,0,
2026-09-01,30118,11,GAMIFICATION-SEASON2,Tokopedia Discount of Rp200K,COUPON,C20260812160003,130,0,0,0,
2026-09-01,30119,11,GAMIFICATION-SEASON2,Tokopedia Discount of Rp100K,COUPON,C20260812160005,130,0,0,0,
2026-09-01,30120,11,GAMIFICATION-SEASON2,Blibli Discount of Rp75K,COUPON,C20260812160006,324,0,0,0,
2026-09-01,30121,11,GAMIFICATION-SEASON2,Balance Rp50.000,CASHBACK,,65,0,0,0,
2026-09-01,30136,11,GAMIFICATION-SEASON2,Trip to South Korea,COUPON,C20260909150006,2,0,0,0,
2026-09-01,30122,12,GAMIFICATION-SEASON2,Tokopedia Discount of Rp300K,COUPON,C20260812160007,153,0,0,0,
2026-09-01,30123,12,GAMIFICATION-SEASON2,Blibli Discount of Rp200K,COUPON,C20260812170001,219,0,0,0,
2026-09-01,30124,12,GAMIFICATION-SEASON2,Balance Rp50.000,CASHBACK,,20,0,0,0,
2026-09-01,30137,12,GAMIFICATION-SEASON2,iPhone Air 17,COUPON,C20260909150007,1,0,0,0,
2026-09-01,30138,12,GAMIFICATION-SEASON2,Airpods 4,COUPON,C20260909150008,4,0,0,0,
2026-09-02,30034,1,GAMIFICATION-SEASON2,Indomaret Discount of Rp5K,COUPON,C20260907100004,25000,38,0,0,
2026-09-02,30035,1,GAMIFICATION-SEASON2,Cinema XXI Discount of Rp5K,COUPON,C20260907090002,25000,45,0,0,
2026-09-02,30036,1,GAMIFICATION-SEASON2,Green SM Discount of Rp5K,COUPON,C20260907100001,25000,41,0,0,
2026-09-02,30037,1,GAMIFICATION-SEASON2,Bluebird Discount of Rp5K,COUPON,C20260907100002,25000,49,0,0,
2026-09-02,30038,1,GAMIFICATION-SEASON2,Tokopedia Discount of Rp5K,COUPON,C20260907100005,25000,72,0,0,
2026-09-02,30039,1,GAMIFICATION-SEASON2,Balance Rp100,CASHBACK,,211809,281,0,0,
2026-09-02,30040,1,GAMIFICATION-SEASON2,Balance Rp500,CASHBACK,,141206,173,0,0,
2026-09-02,30041,1,GAMIFICATION-SEASON2,Balance Rp700,CASHBACK,,70603,80,0,0,
2026-09-02,30042,1,GAMIFICATION-SEASON2,Balance Rp1.000,CASHBACK,,70603,81,0,0,
2026-09-02,30043,2,GAMIFICATION-SEASON2,5 Weverse Jelly,COUPON,C20260818100001,41,8,0,0,
2026-09-02,30044,2,GAMIFICATION-SEASON2,Indomaret Discount of Rp5K,COUPON,C20260907090001,20000,54,0,0,
2026-09-02,30045,2,GAMIFICATION-SEASON2,Tokopedia Discount of Rp5K,COUPON,C20260907100003,25000,52,0,0,
2026-09-02,30046,2,GAMIFICATION-SEASON2,Blibli Discount of Rp5K,COUPON,C20260907100006,25000,105,0,0,
2026-09-02,30047,2,GAMIFICATION-SEASON2,15% Discount in Ismaya+ Merchant,COUPON,C20260827120001,408,5,0,0,
2026-09-02,30048,2,GAMIFICATION-SEASON2,Balance Rp100,CASHBACK,,122404,170,0,0,
2026-09-02,30049,2,GAMIFICATION-SEASON2,Balance Rp500,CASHBACK,,61202,106,0,0,
2026-09-02,30050,2,GAMIFICATION-SEASON2,Balance Rp700,CASHBACK,,61202,83,0,0,
2026-09-02,30051,2,GAMIFICATION-SEASON2,Balance Rp1.000,CASHBACK,,12240,18,0,0,
2026-09-02,30052,3,GAMIFICATION-SEASON2,Transmart Discount of Rp10K,COUPON,C20260812110002,21957,43,0,0,
2026-09-02,30053,3,GAMIFICATION-SEASON2,Metro Discount of Rp10K,COUPON,C20260818100002,10979,20,0,0,
2026-09-02,30054,3,GAMIFICATION-SEASON2,Wendy's Discount of Rp5K,COUPON,C20260818140002,10979,22,0,0,
2026-09-02,30055,3,GAMIFICATION-SEASON2,Baskin Robbins Discount of Rp5K,COUPON,C20260820110001,10979,24,0,0,
2026-09-02,30056,3,GAMIFICATION-SEASON2,The Coffee Bean & Tea Leaf  Discount of Rp5K,COUPON,C20260910100001,10979,21,0,0,
2026-09-02,30057,3,GAMIFICATION-SEASON2,Metro Discount of Rp5K,COUPON,C20260818140005,10979,28,0,0,
2026-09-02,30058,3,GAMIFICATION-SEASON2,Balance Rp100,CASHBACK,,21957,36,0,0,
2026-09-02,30059,3,GAMIFICATION-SEASON2,Balance Rp500,CASHBACK,,43914,92,0,0,
2026-09-02,30060,3,GAMIFICATION-SEASON2,Balance Rp700,CASHBACK,,43914,79,0,0,
2026-09-02,30061,3,GAMIFICATION-SEASON2,Balance Rp1.000,CASHBACK,,32936,45,0,0,
2026-09-02,30062,4,GAMIFICATION-SEASON2,Tokopedia Discount of Rp10K,COUPON,C20260818150001,10713,27,0,0,
2026-09-02,30063,4,GAMIFICATION-SEASON2,Blibli Discount of Rp15K,COUPON,C20260818150002,5357,15,0,0,
2026-09-02,30064,4,GAMIFICATION-SEASON2,Metro Discount of Rp50K,COUPON,C20260818150003,5357,9,0,0,
2026-09-02,30065,4,GAMIFICATION-SEASON2,Metro Discount of Rp15K,COUPON,C20260818150004,10713,26,0,0,
2026-09-02,30066,4,GAMIFICATION-SEASON2,Metro Discount of Rp10K,COUPON,C20260818150008,10713,28,0,0,
2026-09-02,30067,4,GAMIFICATION-SEASON2,Zena Discount of Rp100K,COUPON,C20260827110001,30,2,0,0,
2026-09-02,30068,4,GAMIFICATION-SEASON2,Prime Bag by Zena,COUPON,C20260821160004,6,2,0,0,
2026-09-02,30069,4,GAMIFICATION-SEASON2,Iris Bag by Zena,COUPON,C20260821160005,7,0,0,0,
2026-09-02,30070,4,GAMIFICATION-SEASON2,Balance Rp100,CASHBACK,,12856,18,0,0,
2026-09-02,30071,4,GAMIFICATION-SEASON2,Balance Rp500,CASHBACK,,21426,26,0,0,
2026-09-02,30072,4,GAMIFICATION-SEASON2,Balance Rp700,CASHBACK,,16070,23,0,0,
2026-09-02,30073,4,GAMIFICATION-SEASON2,Balance Rp1.000,CASHBACK,,10713,17,0,0,
2026-09-02,30125,4,GAMIFICATION-SEASON2,JD Sports Discount of Rp100K,COUPON,C20260909140001,346,0,0,0,
2026-09-02,30126,4,GAMIFICATION-SEASON2,JD Sports Discount of Rp50K,COUPON,C20260909140002,346,2,0,0,
2026-09-02,30074,5,GAMIFICATION-SEASON2,Weverse Digital Membership,COUPON,C20260826140001,821,0,0,0,
2026-09-02,30075,5,GAMIFICATION-SEASON2,5 Weverse Jelly,COUPON,C20260826140002,57,4,0,0,
2026-09-02,30076,5,GAMIFICATION-SEASON2,Weverse DM,COUPON,C20260826150001,91,0,0,0,
2026-09-02,30077,5,GAMIFICATION-SEASON2,Balance Rp500,CASHBACK,,13675,5,0,0,
2026-09-02,30078,5,GAMIFICATION-SEASON2,Balance Rp1.000,CASHBACK,,4558,3,0,0,
2026-09-02,30079,5,GAMIFICATION-SEASON2,Balance Rp2.000,CASHBACK,,4558,0,0,0,
2026-09-02,30080,5,GAMIFICATION-SEASON2,Balance Rp5.000,CASHBACK,,2279,0,0,0,
2026-09-02,30081,6,GAMIFICATION-SEASON2,Cinema XXI Discount of Rp75K,COUPON,C20260814170004,2144,0,0,0,
2026-09-02,30082,6,GAMIFICATION-SEASON2,Cinema XXI Discount of Rp50K,COUPON,C20260812160002,4288,0,0,0,
2026-09-02,30083,6,GAMIFICATION-SEASON2,Cinema XXI Discount of Rp20K,COUPON,C20260812160004,5360,0,0,0,
2026-09-02,30084,6,GAMIFICATION-SEASON2,Balance Rp1.000,CASHBACK,,3216,0,0,0,
2026-09-02,30085,6,GAMIFICATION-SEASON2,Balance Rp2.000,CASHBACK,,3216,1,0,0,
2026-09-02,30086,6,GAMIFICATION-SEASON2,Balance Rp3.000,CASHBACK,,3216,0,0,0,
2026-09-02,30087,7,GAMIFICATION-SEASON2,Shopee Discount of Rp500K,COUPON,C20260821150001,6,0,0,0,
2026-09-02,30088,7,GAMIFICATION-SEASON2,Shopee Discount of Rp100K,COUPON,C20260821150003,13,0,0,0,
2026-09-02,30089,7,GAMIFICATION-SEASON2,Shopee Discount of Rp50K,COUPON,C20260821150004,13,0,0,0,
2026-09-02,30090,7,GAMIFICATION-SEASON2,Blibli Discount of Rp50K,COUPON,C20260821160001,13,0,0,0,
2026-09-02,30091,7,GAMIFICATION-SEASON2,Gocar Discount of Rp25K,COUPON,C20260821150005,132,0,0,0,
2026-09-02,30092,7,GAMIFICATION-SEASON2,GoFood Discount of Rp25K,COUPON,C20260821150006,211,0,0,0,
2026-09-02,30093,7,GAMIFICATION-SEASON2,GoFood Discount of Rp50K,COUPON,C20260821150007,132,0,0,0,
2026-09-02,30094,7,GAMIFICATION-SEASON2,GrabFood Discount of Rp50K,COUPON,,13,0,0,0,
2026-09-02,30095,7,GAMIFICATION-SEASON2,Balance Rp1.000,CASHBACK,,395,0,0,0,
2026-09-02,30096,7,GAMIFICATION-SEASON2,Balance Rp2.000,CASHBACK,,2633,0,0,0,
2026-09-02,30097,7,GAMIFICATION-SEASON2,Balance Rp5.000,CASHBACK,,1304,0,0,0,
2026-09-02,30098,8,GAMIFICATION-SEASON2,All Pro Bag by Zena,COUPON,C20260821160006,2,0,0,0,
2026-09-02,30099,8,GAMIFICATION-SEASON2,City Bag by Zena,COUPON,C20260821160007,2,0,0,0,
2026-09-02,30100,8,GAMIFICATION-SEASON2,Aero Bag by Zena,COUPON,C20260821160008,2,0,0,0,
2026-09-02,30101,8,GAMIFICATION-SEASON2,Balance Rp5.000,CASHBACK,,2236,0,0,0,
2026-09-02,30102,8,GAMIFICATION-SEASON2,Balance Rp10.000,CASHBACK,,1491,0,0,0,
2026-09-02,30127,8,GAMIFICATION-SEASON2,Rp100k Court Disc by DOOgether,COUPON,,5,0,0,0,
2026-09-02,30128,8,GAMIFICATION-SEASON2,JD Sports Discount of Rp200K,COUPON,C20260909140003,745,0,0,0,
2026-09-02,30129,8,GAMIFICATION-SEASON2,JD Sports Rp500k,COUPON,C20260909140004,7,0,0,0,
2026-09-02,30130,8,GAMIFICATION-SEASON2,JD Sports 100K Discount,COUPON,C20260909140005,1118,0,0,0,
2026-09-02,30131,8,GAMIFICATION-SEASON2,JD Sports Rp150K Discount,COUPON,C20260909140006,1118,0,0,0,
2026-09-02,30132,8,GAMIFICATION-SEASON2,On Cloudtilt Shoes (JD Sports),COUPON,C20260909150005,1,0,0,0,
2026-09-02,30133,8,GAMIFICATION-SEASON2,1 Session in Strong Pilates,COUPON,,0,0,0,0,
2026-09-02,30103,9,GAMIFICATION-SEASON2,Tokopedia Discount of Rp25K,COUPON,C20260821140001,629,0,0,0,
2026-09-02,30104,9,GAMIFICATION-SEASON2,Blibli Discount of Rp50K,COUPON,C20260821140002,1593,0,0,0,
2026-09-02,30105,9,GAMIFICATION-SEASON2,Balance Rp10.000,CASHBACK,,922,0,0,0,
2026-09-02,30106,9,GAMIFICATION-SEASON2,Balance Rp20.000,CASHBACK,,629,0,0,0,
2026-09-02,30107,9,GAMIFICATION-SEASON2,Balance Rp30.000,CASHBACK,,210,0,0,0,
2026-09-02,30134,9,GAMIFICATION-SEASON2,K-Pop Lightstick,COUPON,C20260909150009,10,0,0,0,
2026-09-02,30135,9,GAMIFICATION-SEASON2,K-Pop Album,COUPON,C20260909150010,10,0,0,0,
2026-09-02,30108,10,GAMIFICATION-SEASON2,Ismaya+ Discount of Rp10K,COUPON,C20260818150009,211,0,0,0,
2026-09-02,30109,10,GAMIFICATION-SEASON2,Ismaya+ Discount of Rp250K,COUPON,C20260813100004,5,0,0,0,
2026-09-02,30110,10,GAMIFICATION-SEASON2,Ismaya+ Discount of Rp150K,COUPON,C20260818150007,7,0,0,0,
2026-09-02,30111,10,GAMIFICATION-SEASON2,Ismaya+ Discount of Rp100K,COUPON,C20260812150001,5,0,0,0,
2026-09-02,30112,10,GAMIFICATION-SEASON2,Ismaya+ Discount of Rp50K,COUPON,C20260812150002,2,0,0,0,
2026-09-02,30113,10,GAMIFICATION-SEASON2,Balance Rp10.000,CASHBACK,,329,0,0,0,
2026-09-02,30114,10,GAMIFICATION-SEASON2,Balance Rp20.000,CASHBACK,,52,0,0,0,
2026-09-02,30115,11,GAMIFICATION-SEASON2,Antavaya Discount of Rp200K,COUPON,C20260818150006,311,0,0,0,
2026-09-02,30116,11,GAMIFICATION-SEASON2,Tokopedia Discount of Rp300K,COUPON,C20260812150004,130,0,0,0,
2026-09-02,30117,11,GAMIFICATION-SEASON2,Blibli Discount of Rp200K,COUPON,C20260818150005,194,0,0,0,
2026-09-02,30118,11,GAMIFICATION-SEASON2,Tokopedia Discount of Rp200K,COUPON,C20260812160003,130,0,0,0,
2026-09-02,30119,11,GAMIFICATION-SEASON2,Tokopedia Discount of Rp100K,COUPON,C20260812160005,130,0,0,0,
2026-09-02,30120,11,GAMIFICATION-SEASON2,Blibli Discount of Rp75K,COUPON,C20260812160006,324,0,0,0,
2026-09-02,30121,11,GAMIFICATION-SEASON2,Balance Rp50.000,CASHBACK,,65,0,0,0,
2026-09-02,30136,11,GAMIFICATION-SEASON2,Trip to South Korea,COUPON,C20260909150006,2,0,0,0,
2026-09-02,30122,12,GAMIFICATION-SEASON2,Tokopedia Discount of Rp300K,COUPON,C20260812160007,153,0,0,0,
2026-09-02,30123,12,GAMIFICATION-SEASON2,Blibli Discount of Rp200K,COUPON,C20260812170001,219,0,0,0,
2026-09-02,30124,12,GAMIFICATION-SEASON2,Balance Rp50.000,CASHBACK,,20,0,0,0,
2026-09-02,30137,12,GAMIFICATION-SEASON2,iPhone Air 17,COUPON,C20260909150007,1,0,0,0,
2026-09-02,30138,12,GAMIFICATION-SEASON2,Airpods 4,COUPON,C20260909150008,4,0,0,0,
2026-09-03,30034,1,GAMIFICATION-SEASON2,Indomaret Discount of Rp5K,COUPON,C20260907100004,25000,38,0,0,
2026-09-03,30035,1,GAMIFICATION-SEASON2,Cinema XXI Discount of Rp5K,COUPON,C20260907090002,25000,45,0,0,
2026-09-03,30036,1,GAMIFICATION-SEASON2,Green SM Discount of Rp5K,COUPON,C20260907100001,25000,41,0,0,
2026-09-03,30037,1,GAMIFICATION-SEASON2,Bluebird Discount of Rp5K,COUPON,C20260907100002,25000,49,0,0,
2026-09-03,30038,1,GAMIFICATION-SEASON2,Tokopedia Discount of Rp5K,COUPON,C20260907100005,25000,72,0,0,
2026-09-03,30039,1,GAMIFICATION-SEASON2,Balance Rp100,CASHBACK,,211809,281,0,0,
2026-09-03,30040,1,GAMIFICATION-SEASON2,Balance Rp500,CASHBACK,,141206,173,0,0,
2026-09-03,30041,1,GAMIFICATION-SEASON2,Balance Rp700,CASHBACK,,70603,80,0,0,
2026-09-03,30042,1,GAMIFICATION-SEASON2,Balance Rp1.000,CASHBACK,,70603,81,0,0,
2026-09-03,30043,2,GAMIFICATION-SEASON2,5 Weverse Jelly,COUPON,C20260818100001,41,8,0,0,
2026-09-03,30044,2,GAMIFICATION-SEASON2,Indomaret Discount of Rp5K,COUPON,C20260907090001,20000,54,0,0,
2026-09-03,30045,2,GAMIFICATION-SEASON2,Tokopedia Discount of Rp5K,COUPON,C20260907100003,25000,52,0,0,
2026-09-03,30046,2,GAMIFICATION-SEASON2,Blibli Discount of Rp5K,COUPON,C20260907100006,25000,105,0,0,
2026-09-03,30047,2,GAMIFICATION-SEASON2,15% Discount in Ismaya+ Merchant,COUPON,C20260827120001,408,5,0,0,
2026-09-03,30048,2,GAMIFICATION-SEASON2,Balance Rp100,CASHBACK,,122404,170,0,0,
2026-09-03,30049,2,GAMIFICATION-SEASON2,Balance Rp500,CASHBACK,,61202,106,0,0,
2026-09-03,30050,2,GAMIFICATION-SEASON2,Balance Rp700,CASHBACK,,61202,83,1,1,700.00
2026-09-03,30051,2,GAMIFICATION-SEASON2,Balance Rp1.000,CASHBACK,,12240,18,0,0,
2026-09-03,30052,3,GAMIFICATION-SEASON2,Transmart Discount of Rp10K,COUPON,C20260812110002,21957,43,0,0,
2026-09-03,30053,3,GAMIFICATION-SEASON2,Metro Discount of Rp10K,COUPON,C20260818100002,10979,20,0,0,
2026-09-03,30054,3,GAMIFICATION-SEASON2,Wendy's Discount of Rp5K,COUPON,C20260818140002,10979,22,0,0,
2026-09-03,30055,3,GAMIFICATION-SEASON2,Baskin Robbins Discount of Rp5K,COUPON,C20260820110001,10979,24,0,0,
2026-09-03,30056,3,GAMIFICATION-SEASON2,The Coffee Bean & Tea Leaf  Discount of Rp5K,COUPON,C20260910100001,10979,21,0,0,
2026-09-03,30057,3,GAMIFICATION-SEASON2,Metro Discount of Rp5K,COUPON,C20260818140005,10979,28,0,0,
2026-09-03,30058,3,GAMIFICATION-SEASON2,Balance Rp100,CASHBACK,,21957,36,0,0,
2026-09-03,30059,3,GAMIFICATION-SEASON2,Balance Rp500,CASHBACK,,43914,92,0,0,
2026-09-03,30060,3,GAMIFICATION-SEASON2,Balance Rp700,CASHBACK,,43914,79,0,0,
2026-09-03,30061,3,GAMIFICATION-SEASON2,Balance Rp1.000,CASHBACK,,32936,45,0,0,
2026-09-03,30062,4,GAMIFICATION-SEASON2,Tokopedia Discount of Rp10K,COUPON,C20260818150001,10713,27,0,0,
2026-09-03,30063,4,GAMIFICATION-SEASON2,Blibli Discount of Rp15K,COUPON,C20260818150002,5357,15,0,0,
2026-09-03,30064,4,GAMIFICATION-SEASON2,Metro Discount of Rp50K,COUPON,C20260818150003,5357,9,0,0,
2026-09-03,30065,4,GAMIFICATION-SEASON2,Metro Discount of Rp15K,COUPON,C20260818150004,10713,26,0,0,
2026-09-03,30066,4,GAMIFICATION-SEASON2,Metro Discount of Rp10K,COUPON,C20260818150008,10713,28,0,0,
2026-09-03,30067,4,GAMIFICATION-SEASON2,Zena Discount of Rp100K,COUPON,C20260827110001,30,2,0,0,
2026-09-03,30068,4,GAMIFICATION-SEASON2,Prime Bag by Zena,COUPON,C20260821160004,6,2,0,0,
2026-09-03,30069,4,GAMIFICATION-SEASON2,Iris Bag by Zena,COUPON,C20260821160005,7,0,0,0,
2026-09-03,30070,4,GAMIFICATION-SEASON2,Balance Rp100,CASHBACK,,12856,18,0,0,
2026-09-03,30071,4,GAMIFICATION-SEASON2,Balance Rp500,CASHBACK,,21426,26,0,0,
2026-09-03,30072,4,GAMIFICATION-SEASON2,Balance Rp700,CASHBACK,,16070,23,0,0,
2026-09-03,30073,4,GAMIFICATION-SEASON2,Balance Rp1.000,CASHBACK,,10713,17,0,0,
2026-09-03,30125,4,GAMIFICATION-SEASON2,JD Sports Discount of Rp100K,COUPON,C20260909140001,346,0,0,0,
2026-09-03,30126,4,GAMIFICATION-SEASON2,JD Sports Discount of Rp50K,COUPON,C20260909140002,346,2,0,0,
2026-09-03,30074,5,GAMIFICATION-SEASON2,Weverse Digital Membership,COUPON,C20260826140001,821,0,0,0,
2026-09-03,30075,5,GAMIFICATION-SEASON2,5 Weverse Jelly,COUPON,C20260826140002,57,4,0,0,
2026-09-03,30076,5,GAMIFICATION-SEASON2,Weverse DM,COUPON,C20260826150001,91,0,0,0,
2026-09-03,30077,5,GAMIFICATION-SEASON2,Balance Rp500,CASHBACK,,13675,5,0,0,
2026-09-03,30078,5,GAMIFICATION-SEASON2,Balance Rp1.000,CASHBACK,,4558,3,0,0,
2026-09-03,30079,5,GAMIFICATION-SEASON2,Balance Rp2.000,CASHBACK,,4558,0,0,0,
2026-09-03,30080,5,GAMIFICATION-SEASON2,Balance Rp5.000,CASHBACK,,2279,0,0,0,
2026-09-03,30081,6,GAMIFICATION-SEASON2,Cinema XXI Discount of Rp75K,COUPON,C20260814170004,2144,0,0,0,
2026-09-03,30082,6,GAMIFICATION-SEASON2,Cinema XXI Discount of Rp50K,COUPON,C20260812160002,4288,0,0,0,
2026-09-03,30083,6,GAMIFICATION-SEASON2,Cinema XXI Discount of Rp20K,COUPON,C20260812160004,5360,0,0,0,
2026-09-03,30084,6,GAMIFICATION-SEASON2,Balance Rp1.000,CASHBACK,,3216,0,0,0,
2026-09-03,30085,6,GAMIFICATION-SEASON2,Balance Rp2.000,CASHBACK,,3216,1,0,0,
2026-09-03,30086,6,GAMIFICATION-SEASON2,Balance Rp3.000,CASHBACK,,3216,0,0,0,
2026-09-03,30087,7,GAMIFICATION-SEASON2,Shopee Discount of Rp500K,COUPON,C20260821150001,6,0,0,0,
2026-09-03,30088,7,GAMIFICATION-SEASON2,Shopee Discount of Rp100K,COUPON,C20260821150003,13,0,0,0,
2026-09-03,30089,7,GAMIFICATION-SEASON2,Shopee Discount of Rp50K,COUPON,C20260821150004,13,0,0,0,
2026-09-03,30090,7,GAMIFICATION-SEASON2,Blibli Discount of Rp50K,COUPON,C20260821160001,13,0,0,0,
2026-09-03,30091,7,GAMIFICATION-SEASON2,Gocar Discount of Rp25K,COUPON,C20260821150005,132,0,0,0,
2026-09-03,30092,7,GAMIFICATION-SEASON2,GoFood Discount of Rp25K,COUPON,C20260821150006,211,0,0,0,
2026-09-03,30093,7,GAMIFICATION-SEASON2,GoFood Discount of Rp50K,COUPON,C20260821150007,132,0,0,0,
2026-09-03,30094,7,GAMIFICATION-SEASON2,GrabFood Discount of Rp50K,COUPON,,13,0,0,0,
2026-09-03,30095,7,GAMIFICATION-SEASON2,Balance Rp1.000,CASHBACK,,395,0,0,0,
2026-09-03,30096,7,GAMIFICATION-SEASON2,Balance Rp2.000,CASHBACK,,2633,0,0,0,
2026-09-03,30097,7,GAMIFICATION-SEASON2,Balance Rp5.000,CASHBACK,,1304,0,0,0,
2026-09-03,30098,8,GAMIFICATION-SEASON2,All Pro Bag by Zena,COUPON,C20260821160006,2,0,0,0,
2026-09-03,30099,8,GAMIFICATION-SEASON2,City Bag by Zena,COUPON,C20260821160007,2,0,0,0,
2026-09-03,30100,8,GAMIFICATION-SEASON2,Aero Bag by Zena,COUPON,C20260821160008,2,0,0,0,
2026-09-03,30101,8,GAMIFICATION-SEASON2,Balance Rp5.000,CASHBACK,,2236,0,0,0,
2026-09-03,30102,8,GAMIFICATION-SEASON2,Balance Rp10.000,CASHBACK,,1491,0,0,0,
2026-09-03,30127,8,GAMIFICATION-SEASON2,Rp100k Court Disc by DOOgether,COUPON,,5,0,0,0,
2026-09-03,30128,8,GAMIFICATION-SEASON2,JD Sports Discount of Rp200K,COUPON,C20260909140003,745,0,0,0,
2026-09-03,30129,8,GAMIFICATION-SEASON2,JD Sports Rp500k,COUPON,C20260909140004,7,0,0,0,
2026-09-03,30130,8,GAMIFICATION-SEASON2,JD Sports 100K Discount,COUPON,C20260909140005,1118,0,0,0,
2026-09-03,30131,8,GAMIFICATION-SEASON2,JD Sports Rp150K Discount,COUPON,C20260909140006,1118,0,0,0,
2026-09-03,30132,8,GAMIFICATION-SEASON2,On Cloudtilt Shoes (JD Sports),COUPON,C20260909150005,1,0,0,0,
2026-09-03,30133,8,GAMIFICATION-SEASON2,1 Session in Strong Pilates,COUPON,,0,0,0,0,
2026-09-03,30103,9,GAMIFICATION-SEASON2,Tokopedia Discount of Rp25K,COUPON,C20260821140001,629,0,0,0,
2026-09-03,30104,9,GAMIFICATION-SEASON2,Blibli Discount of Rp50K,COUPON,C20260821140002,1593,0,0,0,
2026-09-03,30105,9,GAMIFICATION-SEASON2,Balance Rp10.000,CASHBACK,,922,0,0,0,
2026-09-03,30106,9,GAMIFICATION-SEASON2,Balance Rp20.000,CASHBACK,,629,0,0,0,
2026-09-03,30107,9,GAMIFICATION-SEASON2,Balance Rp30.000,CASHBACK,,210,0,0,0,
2026-09-03,30134,9,GAMIFICATION-SEASON2,K-Pop Lightstick,COUPON,C20260909150009,10,0,0,0,
2026-09-03,30135,9,GAMIFICATION-SEASON2,K-Pop Album,COUPON,C20260909150010,10,0,0,0,
2026-09-03,30108,10,GAMIFICATION-SEASON2,Ismaya+ Discount of Rp10K,COUPON,C20260818150009,211,0,0,0,
2026-09-03,30109,10,GAMIFICATION-SEASON2,Ismaya+ Discount of Rp250K,COUPON,C20260813100004,5,0,0,0,
2026-09-03,30110,10,GAMIFICATION-SEASON2,Ismaya+ Discount of Rp150K,COUPON,C20260818150007,7,0,0,0,
2026-09-03,30111,10,GAMIFICATION-SEASON2,Ismaya+ Discount of Rp100K,COUPON,C20260812150001,5,0,0,0,
2026-09-03,30112,10,GAMIFICATION-SEASON2,Ismaya+ Discount of Rp50K,COUPON,C20260812150002,2,0,0,0,
2026-09-03,30113,10,GAMIFICATION-SEASON2,Balance Rp10.000,CASHBACK,,329,0,0,0,
2026-09-03,30114,10,GAMIFICATION-SEASON2,Balance Rp20.000,CASHBACK,,52,0,0,0,
2026-09-03,30115,11,GAMIFICATION-SEASON2,Antavaya Discount of Rp200K,COUPON,C20260818150006,311,0,0,0,
2026-09-03,30116,11,GAMIFICATION-SEASON2,Tokopedia Discount of Rp300K,COUPON,C20260812150004,130,0,0,0,
2026-09-03,30117,11,GAMIFICATION-SEASON2,Blibli Discount of Rp200K,COUPON,C20260818150005,194,0,0,0,
2026-09-03,30118,11,GAMIFICATION-SEASON2,Tokopedia Discount of Rp200K,COUPON,C20260812160003,130,0,0,0,
2026-09-03,30119,11,GAMIFICATION-SEASON2,Tokopedia Discount of Rp100K,COUPON,C20260812160005,130,0,0,0,
2026-09-03,30120,11,GAMIFICATION-SEASON2,Blibli Discount of Rp75K,COUPON,C20260812160006,324,0,0,0,
2026-09-03,30121,11,GAMIFICATION-SEASON2,Balance Rp50.000,CASHBACK,,65,0,0,0,
2026-09-03,30136,11,GAMIFICATION-SEASON2,Trip to South Korea,COUPON,C20260909150006,2,0,0,0,
2026-09-03,30122,12,GAMIFICATION-SEASON2,Tokopedia Discount of Rp300K,COUPON,C20260812160007,153,0,0,0,
2026-09-03,30123,12,GAMIFICATION-SEASON2,Blibli Discount of Rp200K,COUPON,C20260812170001,219,0,0,0,
2026-09-03,30124,12,GAMIFICATION-SEASON2,Balance Rp50.000,CASHBACK,,20,0,0,0,
2026-09-03,30137,12,GAMIFICATION-SEASON2,iPhone Air 17,COUPON,C20260909150007,1,0,0,0,
2026-09-03,30138,12,GAMIFICATION-SEASON2,Airpods 4,COUPON,C20260909150008,4,0,0,0,
2026-09-04,30034,1,GAMIFICATION-SEASON2,Indomaret Discount of Rp5K,COUPON,C20260907100004,25000,38,0,0,
2026-09-04,30035,1,GAMIFICATION-SEASON2,Cinema XXI Discount of Rp5K,COUPON,C20260907090002,25000,45,0,0,
2026-09-04,30036,1,GAMIFICATION-SEASON2,Green SM Discount of Rp5K,COUPON,C20260907100001,25000,41,0,0,
2026-09-04,30037,1,GAMIFICATION-SEASON2,Bluebird Discount of Rp5K,COUPON,C20260907100002,25000,49,0,0,
2026-09-04,30038,1,GAMIFICATION-SEASON2,Tokopedia Discount of Rp5K,COUPON,C20260907100005,25000,72,0,0,
2026-09-04,30039,1,GAMIFICATION-SEASON2,Balance Rp100,CASHBACK,,211809,281,0,0,
2026-09-04,30040,1,GAMIFICATION-SEASON2,Balance Rp500,CASHBACK,,141206,173,0,0,
2026-09-04,30041,1,GAMIFICATION-SEASON2,Balance Rp700,CASHBACK,,70603,80,0,0,
2026-09-04,30042,1,GAMIFICATION-SEASON2,Balance Rp1.000,CASHBACK,,70603,81,2,2,2000.00
2026-09-04,30043,2,GAMIFICATION-SEASON2,5 Weverse Jelly,COUPON,C20260818100001,41,8,0,0,
2026-09-04,30044,2,GAMIFICATION-SEASON2,Indomaret Discount of Rp5K,COUPON,C20260907090001,20000,54,0,0,
2026-09-04,30045,2,GAMIFICATION-SEASON2,Tokopedia Discount of Rp5K,COUPON,C20260907100003,25000,52,0,0,
2026-09-04,30046,2,GAMIFICATION-SEASON2,Blibli Discount of Rp5K,COUPON,C20260907100006,25000,105,0,0,
2026-09-04,30047,2,GAMIFICATION-SEASON2,15% Discount in Ismaya+ Merchant,COUPON,C20260827120001,408,5,0,0,
2026-09-04,30048,2,GAMIFICATION-SEASON2,Balance Rp100,CASHBACK,,122404,170,0,0,
2026-09-04,30049,2,GAMIFICATION-SEASON2,Balance Rp500,CASHBACK,,61202,106,0,0,
2026-09-04,30050,2,GAMIFICATION-SEASON2,Balance Rp700,CASHBACK,,61202,83,0,0,
2026-09-04,30051,2,GAMIFICATION-SEASON2,Balance Rp1.000,CASHBACK,,12240,18,0,0,
2026-09-04,30052,3,GAMIFICATION-SEASON2,Transmart Discount of Rp10K,COUPON,C20260812110002,21957,43,0,0,
2026-09-04,30053,3,GAMIFICATION-SEASON2,Metro Discount of Rp10K,COUPON,C20260818100002,10979,20,0,0,
2026-09-04,30054,3,GAMIFICATION-SEASON2,Wendy's Discount of Rp5K,COUPON,C20260818140002,10979,22,0,0,
2026-09-04,30055,3,GAMIFICATION-SEASON2,Baskin Robbins Discount of Rp5K,COUPON,C20260820110001,10979,24,0,0,
2026-09-04,30056,3,GAMIFICATION-SEASON2,The Coffee Bean & Tea Leaf  Discount of Rp5K,COUPON,C20260910100001,10979,21,0,0,
2026-09-04,30057,3,GAMIFICATION-SEASON2,Metro Discount of Rp5K,COUPON,C20260818140005,10979,28,0,0,
2026-09-04,30058,3,GAMIFICATION-SEASON2,Balance Rp100,CASHBACK,,21957,36,0,0,
2026-09-04,30059,3,GAMIFICATION-SEASON2,Balance Rp500,CASHBACK,,43914,92,0,0,
2026-09-04,30060,3,GAMIFICATION-SEASON2,Balance Rp700,CASHBACK,,43914,79,0,0,
2026-09-04,30061,3,GAMIFICATION-SEASON2,Balance Rp1.000,CASHBACK,,32936,45,0,0,
2026-09-04,30062,4,GAMIFICATION-SEASON2,Tokopedia Discount of Rp10K,COUPON,C20260818150001,10713,27,0,0,
2026-09-04,30063,4,GAMIFICATION-SEASON2,Blibli Discount of Rp15K,COUPON,C20260818150002,5357,15,0,0,
2026-09-04,30064,4,GAMIFICATION-SEASON2,Metro Discount of Rp50K,COUPON,C20260818150003,5357,9,0,0,
2026-09-04,30065,4,GAMIFICATION-SEASON2,Metro Discount of Rp15K,COUPON,C20260818150004,10713,26,0,0,
2026-09-04,30066,4,GAMIFICATION-SEASON2,Metro Discount of Rp10K,COUPON,C20260818150008,10713,28,0,0,
2026-09-04,30067,4,GAMIFICATION-SEASON2,Zena Discount of Rp100K,COUPON,C20260827110001,30,2,0,0,
2026-09-04,30068,4,GAMIFICATION-SEASON2,Prime Bag by Zena,COUPON,C20260821160004,6,2,0,0,
2026-09-04,30069,4,GAMIFICATION-SEASON2,Iris Bag by Zena,COUPON,C20260821160005,7,0,0,0,
2026-09-04,30070,4,GAMIFICATION-SEASON2,Balance Rp100,CASHBACK,,12856,18,0,0,
2026-09-04,30071,4,GAMIFICATION-SEASON2,Balance Rp500,CASHBACK,,21426,26,0,0,
2026-09-04,30072,4,GAMIFICATION-SEASON2,Balance Rp700,CASHBACK,,16070,23,0,0,
2026-09-04,30073,4,GAMIFICATION-SEASON2,Balance Rp1.000,CASHBACK,,10713,17,0,0,
2026-09-04,30125,4,GAMIFICATION-SEASON2,JD Sports Discount of Rp100K,COUPON,C20260909140001,346,0,0,0,
2026-09-04,30126,4,GAMIFICATION-SEASON2,JD Sports Discount of Rp50K,COUPON,C20260909140002,346,2,0,0,
2026-09-04,30074,5,GAMIFICATION-SEASON2,Weverse Digital Membership,COUPON,C20260826140001,821,0,0,0,
2026-09-04,30075,5,GAMIFICATION-SEASON2,5 Weverse Jelly,COUPON,C20260826140002,57,4,0,0,
2026-09-04,30076,5,GAMIFICATION-SEASON2,Weverse DM,COUPON,C20260826150001,91,0,0,0,
2026-09-04,30077,5,GAMIFICATION-SEASON2,Balance Rp500,CASHBACK,,13675,5,0,0,
2026-09-04,30078,5,GAMIFICATION-SEASON2,Balance Rp1.000,CASHBACK,,4558,3,0,0,
2026-09-04,30079,5,GAMIFICATION-SEASON2,Balance Rp2.000,CASHBACK,,4558,0,0,0,
2026-09-04,30080,5,GAMIFICATION-SEASON2,Balance Rp5.000,CASHBACK,,2279,0,0,0,
2026-09-04,30081,6,GAMIFICATION-SEASON2,Cinema XXI Discount of Rp75K,COUPON,C20260814170004,2144,0,0,0,
2026-09-04,30082,6,GAMIFICATION-SEASON2,Cinema XXI Discount of Rp50K,COUPON,C20260812160002,4288,0,0,0,
2026-09-04,30083,6,GAMIFICATION-SEASON2,Cinema XXI Discount of Rp20K,COUPON,C20260812160004,5360,0,0,0,
2026-09-04,30084,6,GAMIFICATION-SEASON2,Balance Rp1.000,CASHBACK,,3216,0,0,0,
2026-09-04,30085,6,GAMIFICATION-SEASON2,Balance Rp2.000,CASHBACK,,3216,1,0,0,
2026-09-04,30086,6,GAMIFICATION-SEASON2,Balance Rp3.000,CASHBACK,,3216,0,0,0,
2026-09-04,30087,7,GAMIFICATION-SEASON2,Shopee Discount of Rp500K,COUPON,C20260821150001,6,0,0,0,
2026-09-04,30088,7,GAMIFICATION-SEASON2,Shopee Discount of Rp100K,COUPON,C20260821150003,13,0,0,0,
2026-09-04,30089,7,GAMIFICATION-SEASON2,Shopee Discount of Rp50K,COUPON,C20260821150004,13,0,0,0,
2026-09-04,30090,7,GAMIFICATION-SEASON2,Blibli Discount of Rp50K,COUPON,C20260821160001,13,0,0,0,
2026-09-04,30091,7,GAMIFICATION-SEASON2,Gocar Discount of Rp25K,COUPON,C20260821150005,132,0,0,0,
2026-09-04,30092,7,GAMIFICATION-SEASON2,GoFood Discount of Rp25K,COUPON,C20260821150006,211,0,0,0,
2026-09-04,30093,7,GAMIFICATION-SEASON2,GoFood Discount of Rp50K,COUPON,C20260821150007,132,0,0,0,
2026-09-04,30094,7,GAMIFICATION-SEASON2,GrabFood Discount of Rp50K,COUPON,,13,0,0,0,
2026-09-04,30095,7,GAMIFICATION-SEASON2,Balance Rp1.000,CASHBACK,,395,0,0,0,
2026-09-04,30096,7,GAMIFICATION-SEASON2,Balance Rp2.000,CASHBACK,,2633,0,0,0,
2026-09-04,30097,7,GAMIFICATION-SEASON2,Balance Rp5.000,CASHBACK,,1304,0,0,0,
2026-09-04,30098,8,GAMIFICATION-SEASON2,All Pro Bag by Zena,COUPON,C20260821160006,2,0,0,0,
2026-09-04,30099,8,GAMIFICATION-SEASON2,City Bag by Zena,COUPON,C20260821160007,2,0,0,0,
2026-09-04,30100,8,GAMIFICATION-SEASON2,Aero Bag by Zena,COUPON,C20260821160008,2,0,0,0,
2026-09-04,30101,8,GAMIFICATION-SEASON2,Balance Rp5.000,CASHBACK,,2236,0,0,0,
2026-09-04,30102,8,GAMIFICATION-SEASON2,Balance Rp10.000,CASHBACK,,1491,0,0,0,
2026-09-04,30127,8,GAMIFICATION-SEASON2,Rp100k Court Disc by DOOgether,COUPON,,5,0,0,0,
2026-09-04,30128,8,GAMIFICATION-SEASON2,JD Sports Discount of Rp200K,COUPON,C20260909140003,745,0,0,0,
2026-09-04,30129,8,GAMIFICATION-SEASON2,JD Sports Rp500k,COUPON,C20260909140004,7,0,0,0,
2026-09-04,30130,8,GAMIFICATION-SEASON2,JD Sports 100K Discount,COUPON,C20260909140005,1118,0,0,0,
2026-09-04,30131,8,GAMIFICATION-SEASON2,JD Sports Rp150K Discount,COUPON,C20260909140006,1118,0,0,0,
2026-09-04,30132,8,GAMIFICATION-SEASON2,On Cloudtilt Shoes (JD Sports),COUPON,C20260909150005,1,0,0,0,
2026-09-04,30133,8,GAMIFICATION-SEASON2,1 Session in Strong Pilates,COUPON,,0,0,0,0,
2026-09-04,30103,9,GAMIFICATION-SEASON2,Tokopedia Discount of Rp25K,COUPON,C20260821140001,629,0,0,0,
2026-09-04,30104,9,GAMIFICATION-SEASON2,Blibli Discount of Rp50K,COUPON,C20260821140002,1593,0,0,0,
2026-09-04,30105,9,GAMIFICATION-SEASON2,Balance Rp10.000,CASHBACK,,922,0,0,0,
2026-09-04,30106,9,GAMIFICATION-SEASON2,Balance Rp20.000,CASHBACK,,629,0,0,0,
2026-09-04,30107,9,GAMIFICATION-SEASON2,Balance Rp30.000,CASHBACK,,210,0,0,0,
2026-09-04,30134,9,GAMIFICATION-SEASON2,K-Pop Lightstick,COUPON,C20260909150009,10,0,0,0,
2026-09-04,30135,9,GAMIFICATION-SEASON2,K-Pop Album,COUPON,C20260909150010,10,0,0,0,
2026-09-04,30108,10,GAMIFICATION-SEASON2,Ismaya+ Discount of Rp10K,COUPON,C20260818150009,211,0,0,0,
2026-09-04,30109,10,GAMIFICATION-SEASON2,Ismaya+ Discount of Rp250K,COUPON,C20260813100004,5,0,0,0,
2026-09-04,30110,10,GAMIFICATION-SEASON2,Ismaya+ Discount of Rp150K,COUPON,C20260818150007,7,0,0,0,
2026-09-04,30111,10,GAMIFICATION-SEASON2,Ismaya+ Discount of Rp100K,COUPON,C20260812150001,5,0,0,0,
2026-09-04,30112,10,GAMIFICATION-SEASON2,Ismaya+ Discount of Rp50K,COUPON,C20260812150002,2,0,0,0,
2026-09-04,30113,10,GAMIFICATION-SEASON2,Balance Rp10.000,CASHBACK,,329,0,0,0,
2026-09-04,30114,10,GAMIFICATION-SEASON2,Balance Rp20.000,CASHBACK,,52,0,0,0,
2026-09-04,30115,11,GAMIFICATION-SEASON2,Antavaya Discount of Rp200K,COUPON,C20260818150006,311,0,0,0,
2026-09-04,30116,11,GAMIFICATION-SEASON2,Tokopedia Discount of Rp300K,COUPON,C20260812150004,130,0,0,0,
2026-09-04,30117,11,GAMIFICATION-SEASON2,Blibli Discount of Rp200K,COUPON,C20260818150005,194,0,0,0,
2026-09-04,30118,11,GAMIFICATION-SEASON2,Tokopedia Discount of Rp200K,COUPON,C20260812160003,130,0,0,0,
2026-09-04,30119,11,GAMIFICATION-SEASON2,Tokopedia Discount of Rp100K,COUPON,C20260812160005,130,0,0,0,
2026-09-04,30120,11,GAMIFICATION-SEASON2,Blibli Discount of Rp75K,COUPON,C20260812160006,324,0,0,0,
2026-09-04,30121,11,GAMIFICATION-SEASON2,Balance Rp50.000,CASHBACK,,65,0,0,0,
2026-09-04,30136,11,GAMIFICATION-SEASON2,Trip to South Korea,COUPON,C20260909150006,2,0,0,0,
2026-09-04,30122,12,GAMIFICATION-SEASON2,Tokopedia Discount of Rp300K,COUPON,C20260812160007,153,0,0,0,
2026-09-04,30123,12,GAMIFICATION-SEASON2,Blibli Discount of Rp200K,COUPON,C20260812170001,219,0,0,0,
2026-09-04,30124,12,GAMIFICATION-SEASON2,Balance Rp50.000,CASHBACK,,20,0,0,0,
2026-09-04,30137,12,GAMIFICATION-SEASON2,iPhone Air 17,COUPON,C20260909150007,1,0,0,0,
2026-09-04,30138,12,GAMIFICATION-SEASON2,Airpods 4,COUPON,C20260909150008,4,0,0,0,
2026-09-05,30034,1,GAMIFICATION-SEASON2,Indomaret Discount of Rp5K,COUPON,C20260907100004,25000,38,0,0,
2026-09-05,30035,1,GAMIFICATION-SEASON2,Cinema XXI Discount of Rp5K,COUPON,C20260907090002,25000,45,0,0,
2026-09-05,30036,1,GAMIFICATION-SEASON2,Green SM Discount of Rp5K,COUPON,C20260907100001,25000,41,0,0,
2026-09-05,30037,1,GAMIFICATION-SEASON2,Bluebird Discount of Rp5K,COUPON,C20260907100002,25000,49,0,0,
2026-09-05,30038,1,GAMIFICATION-SEASON2,Tokopedia Discount of Rp5K,COUPON,C20260907100005,25000,72,0,0,
2026-09-05,30039,1,GAMIFICATION-SEASON2,Balance Rp100,CASHBACK,,211809,281,0,0,
2026-09-05,30040,1,GAMIFICATION-SEASON2,Balance Rp500,CASHBACK,,141206,173,0,0,
2026-09-05,30041,1,GAMIFICATION-SEASON2,Balance Rp700,CASHBACK,,70603,80,0,0,
2026-09-05,30042,1,GAMIFICATION-SEASON2,Balance Rp1.000,CASHBACK,,70603,81,0,0,
2026-09-05,30043,2,GAMIFICATION-SEASON2,5 Weverse Jelly,COUPON,C20260818100001,41,8,0,0,
2026-09-05,30044,2,GAMIFICATION-SEASON2,Indomaret Discount of Rp5K,COUPON,C20260907090001,20000,54,0,0,
2026-09-05,30045,2,GAMIFICATION-SEASON2,Tokopedia Discount of Rp5K,COUPON,C20260907100003,25000,52,0,0,
2026-09-05,30046,2,GAMIFICATION-SEASON2,Blibli Discount of Rp5K,COUPON,C20260907100006,25000,105,0,0,
2026-09-05,30047,2,GAMIFICATION-SEASON2,15% Discount in Ismaya+ Merchant,COUPON,C20260827120001,408,5,0,0,
2026-09-05,30048,2,GAMIFICATION-SEASON2,Balance Rp100,CASHBACK,,122404,170,0,0,
2026-09-05,30049,2,GAMIFICATION-SEASON2,Balance Rp500,CASHBACK,,61202,106,0,0,
2026-09-05,30050,2,GAMIFICATION-SEASON2,Balance Rp700,CASHBACK,,61202,83,0,0,
2026-09-05,30051,2,GAMIFICATION-SEASON2,Balance Rp1.000,CASHBACK,,12240,18,0,0,
2026-09-05,30052,3,GAMIFICATION-SEASON2,Transmart Discount of Rp10K,COUPON,C20260812110002,21957,43,0,0,
2026-09-05,30053,3,GAMIFICATION-SEASON2,Metro Discount of Rp10K,COUPON,C20260818100002,10979,20,0,0,
2026-09-05,30054,3,GAMIFICATION-SEASON2,Wendy's Discount of Rp5K,COUPON,C20260818140002,10979,22,0,0,
2026-09-05,30055,3,GAMIFICATION-SEASON2,Baskin Robbins Discount of Rp5K,COUPON,C20260820110001,10979,24,0,0,
2026-09-05,30056,3,GAMIFICATION-SEASON2,The Coffee Bean & Tea Leaf  Discount of Rp5K,COUPON,C20260910100001,10979,21,0,0,
2026-09-05,30057,3,GAMIFICATION-SEASON2,Metro Discount of Rp5K,COUPON,C20260818140005,10979,28,0,0,
2026-09-05,30058,3,GAMIFICATION-SEASON2,Balance Rp100,CASHBACK,,21957,36,0,0,
2026-09-05,30059,3,GAMIFICATION-SEASON2,Balance Rp500,CASHBACK,,43914,92,0,0,
2026-09-05,30060,3,GAMIFICATION-SEASON2,Balance Rp700,CASHBACK,,43914,79,0,0,
2026-09-05,30061,3,GAMIFICATION-SEASON2,Balance Rp1.000,CASHBACK,,32936,45,0,0,
2026-09-05,30062,4,GAMIFICATION-SEASON2,Tokopedia Discount of Rp10K,COUPON,C20260818150001,10713,27,0,0,
2026-09-05,30063,4,GAMIFICATION-SEASON2,Blibli Discount of Rp15K,COUPON,C20260818150002,5357,15,0,0,
2026-09-05,30064,4,GAMIFICATION-SEASON2,Metro Discount of Rp50K,COUPON,C20260818150003,5357,9,0,0,
2026-09-05,30065,4,GAMIFICATION-SEASON2,Metro Discount of Rp15K,COUPON,C20260818150004,10713,26,0,0,
2026-09-05,30066,4,GAMIFICATION-SEASON2,Metro Discount of Rp10K,COUPON,C20260818150008,10713,28,0,0,
2026-09-05,30067,4,GAMIFICATION-SEASON2,Zena Discount of Rp100K,COUPON,C20260827110001,30,2,0,0,
2026-09-05,30068,4,GAMIFICATION-SEASON2,Prime Bag by Zena,COUPON,C20260821160004,6,2,0,0,
2026-09-05,30069,4,GAMIFICATION-SEASON2,Iris Bag by Zena,COUPON,C20260821160005,7,0,0,0,
2026-09-05,30070,4,GAMIFICATION-SEASON2,Balance Rp100,CASHBACK,,12856,18,0,0,
2026-09-05,30071,4,GAMIFICATION-SEASON2,Balance Rp500,CASHBACK,,21426,26,0,0,
2026-09-05,30072,4,GAMIFICATION-SEASON2,Balance Rp700,CASHBACK,,16070,23,0,0,
2026-09-05,30073,4,GAMIFICATION-SEASON2,Balance Rp1.000,CASHBACK,,10713,17,0,0,
2026-09-05,30125,4,GAMIFICATION-SEASON2,JD Sports Discount of Rp100K,COUPON,C20260909140001,346,0,0,0,
2026-09-05,30126,4,GAMIFICATION-SEASON2,JD Sports Discount of Rp50K,COUPON,C20260909140002,346,2,0,0,
2026-09-05,30074,5,GAMIFICATION-SEASON2,Weverse Digital Membership,COUPON,C20260826140001,821,0,0,0,
2026-09-05,30075,5,GAMIFICATION-SEASON2,5 Weverse Jelly,COUPON,C20260826140002,57,4,0,0,
2026-09-05,30076,5,GAMIFICATION-SEASON2,Weverse DM,COUPON,C20260826150001,91,0,0,0,
2026-09-05,30077,5,GAMIFICATION-SEASON2,Balance Rp500,CASHBACK,,13675,5,0,0,
2026-09-05,30078,5,GAMIFICATION-SEASON2,Balance Rp1.000,CASHBACK,,4558,3,0,0,
2026-09-05,30079,5,GAMIFICATION-SEASON2,Balance Rp2.000,CASHBACK,,4558,0,0,0,
2026-09-05,30080,5,GAMIFICATION-SEASON2,Balance Rp5.000,CASHBACK,,2279,0,0,0,
2026-09-05,30081,6,GAMIFICATION-SEASON2,Cinema XXI Discount of Rp75K,COUPON,C20260814170004,2144,0,0,0,
2026-09-05,30082,6,GAMIFICATION-SEASON2,Cinema XXI Discount of Rp50K,COUPON,C20260812160002,4288,0,0,0,
2026-09-05,30083,6,GAMIFICATION-SEASON2,Cinema XXI Discount of Rp20K,COUPON,C20260812160004,5360,0,0,0,
2026-09-05,30084,6,GAMIFICATION-SEASON2,Balance Rp1.000,CASHBACK,,3216,0,0,0,
2026-09-05,30085,6,GAMIFICATION-SEASON2,Balance Rp2.000,CASHBACK,,3216,1,0,0,
2026-09-05,30086,6,GAMIFICATION-SEASON2,Balance Rp3.000,CASHBACK,,3216,0,0,0,
2026-09-05,30087,7,GAMIFICATION-SEASON2,Shopee Discount of Rp500K,COUPON,C20260821150001,6,0,0,0,
2026-09-05,30088,7,GAMIFICATION-SEASON2,Shopee Discount of Rp100K,COUPON,C20260821150003,13,0,0,0,
2026-09-05,30089,7,GAMIFICATION-SEASON2,Shopee Discount of Rp50K,COUPON,C20260821150004,13,0,0,0,
2026-09-05,30090,7,GAMIFICATION-SEASON2,Blibli Discount of Rp50K,COUPON,C20260821160001,13,0,0,0,
2026-09-05,30091,7,GAMIFICATION-SEASON2,Gocar Discount of Rp25K,COUPON,C20260821150005,132,0,0,0,
2026-09-05,30092,7,GAMIFICATION-SEASON2,GoFood Discount of Rp25K,COUPON,C20260821150006,211,0,0,0,
2026-09-05,30093,7,GAMIFICATION-SEASON2,GoFood Discount of Rp50K,COUPON,C20260821150007,132,0,0,0,
2026-09-05,30094,7,GAMIFICATION-SEASON2,GrabFood Discount of Rp50K,COUPON,,13,0,0,0,
2026-09-05,30095,7,GAMIFICATION-SEASON2,Balance Rp1.000,CASHBACK,,395,0,0,0,
2026-09-05,30096,7,GAMIFICATION-SEASON2,Balance Rp2.000,CASHBACK,,2633,0,0,0,
2026-09-05,30097,7,GAMIFICATION-SEASON2,Balance Rp5.000,CASHBACK,,1304,0,0,0,
2026-09-05,30098,8,GAMIFICATION-SEASON2,All Pro Bag by Zena,COUPON,C20260821160006,2,0,0,0,
2026-09-05,30099,8,GAMIFICATION-SEASON2,City Bag by Zena,COUPON,C20260821160007,2,0,0,0,
2026-09-05,30100,8,GAMIFICATION-SEASON2,Aero Bag by Zena,COUPON,C20260821160008,2,0,0,0,
2026-09-05,30101,8,GAMIFICATION-SEASON2,Balance Rp5.000,CASHBACK,,2236,0,0,0,
2026-09-05,30102,8,GAMIFICATION-SEASON2,Balance Rp10.000,CASHBACK,,1491,0,0,0,
2026-09-05,30127,8,GAMIFICATION-SEASON2,Rp100k Court Disc by DOOgether,COUPON,,5,0,0,0,
2026-09-05,30128,8,GAMIFICATION-SEASON2,JD Sports Discount of Rp200K,COUPON,C20260909140003,745,0,0,0,
2026-09-05,30129,8,GAMIFICATION-SEASON2,JD Sports Rp500k,COUPON,C20260909140004,7,0,0,0,
2026-09-05,30130,8,GAMIFICATION-SEASON2,JD Sports 100K Discount,COUPON,C20260909140005,1118,0,0,0,
2026-09-05,30131,8,GAMIFICATION-SEASON2,JD Sports Rp150K Discount,COUPON,C20260909140006,1118,0,0,0,
2026-09-05,30132,8,GAMIFICATION-SEASON2,On Cloudtilt Shoes (JD Sports),COUPON,C20260909150005,1,0,0,0,
2026-09-05,30133,8,GAMIFICATION-SEASON2,1 Session in Strong Pilates,COUPON,,0,0,0,0,
2026-09-05,30103,9,GAMIFICATION-SEASON2,Tokopedia Discount of Rp25K,COUPON,C20260821140001,629,0,0,0,
2026-09-05,30104,9,GAMIFICATION-SEASON2,Blibli Discount of Rp50K,COUPON,C20260821140002,1593,0,0,0,
2026-09-05,30105,9,GAMIFICATION-SEASON2,Balance Rp10.000,CASHBACK,,922,0,0,0,
2026-09-05,30106,9,GAMIFICATION-SEASON2,Balance Rp20.000,CASHBACK,,629,0,0,0,
2026-09-05,30107,9,GAMIFICATION-SEASON2,Balance Rp30.000,CASHBACK,,210,0,0,0,
2026-09-05,30134,9,GAMIFICATION-SEASON2,K-Pop Lightstick,COUPON,C20260909150009,10,0,0,0,
2026-09-05,30135,9,GAMIFICATION-SEASON2,K-Pop Album,COUPON,C20260909150010,10,0,0,0,
2026-09-05,30108,10,GAMIFICATION-SEASON2,Ismaya+ Discount of Rp10K,COUPON,C20260818150009,211,0,0,0,
2026-09-05,30109,10,GAMIFICATION-SEASON2,Ismaya+ Discount of Rp250K,COUPON,C20260813100004,5,0,0,0,
2026-09-05,30110,10,GAMIFICATION-SEASON2,Ismaya+ Discount of Rp150K,COUPON,C20260818150007,7,0,0,0,
2026-09-05,30111,10,GAMIFICATION-SEASON2,Ismaya+ Discount of Rp100K,COUPON,C20260812150001,5,0,0,0,
2026-09-05,30112,10,GAMIFICATION-SEASON2,Ismaya+ Discount of Rp50K,COUPON,C20260812150002,2,0,0,0,
2026-09-05,30113,10,GAMIFICATION-SEASON2,Balance Rp10.000,CASHBACK,,329,0,0,0,
2026-09-05,30114,10,GAMIFICATION-SEASON2,Balance Rp20.000,CASHBACK,,52,0,0,0,
2026-09-05,30115,11,GAMIFICATION-SEASON2,Antavaya Discount of Rp200K,COUPON,C20260818150006,311,0,0,0,
2026-09-05,30116,11,GAMIFICATION-SEASON2,Tokopedia Discount of Rp300K,COUPON,C20260812150004,130,0,0,0,
2026-09-05,30117,11,GAMIFICATION-SEASON2,Blibli Discount of Rp200K,COUPON,C20260818150005,194,0,0,0,
2026-09-05,30118,11,GAMIFICATION-SEASON2,Tokopedia Discount of Rp200K,COUPON,C20260812160003,130,0,0,0,
2026-09-05,30119,11,GAMIFICATION-SEASON2,Tokopedia Discount of Rp100K,COUPON,C20260812160005,130,0,0,0,
2026-09-05,30120,11,GAMIFICATION-SEASON2,Blibli Discount of Rp75K,COUPON,C20260812160006,324,0,0,0,
2026-09-05,30121,11,GAMIFICATION-SEASON2,Balance Rp50.000,CASHBACK,,65,0,0,0,
2026-09-05,30136,11,GAMIFICATION-SEASON2,Trip to South Korea,COUPON,C20260909150006,2,0,0,0,
2026-09-05,30122,12,GAMIFICATION-SEASON2,Tokopedia Discount of Rp300K,COUPON,C20260812160007,153,0,0,0,
2026-09-05,30123,12,GAMIFICATION-SEASON2,Blibli Discount of Rp200K,COUPON,C20260812170001,219,0,0,0,
2026-09-05,30124,12,GAMIFICATION-SEASON2,Balance Rp50.000,CASHBACK,,20,0,0,0,
2026-09-05,30137,12,GAMIFICATION-SEASON2,iPhone Air 17,COUPON,C20260909150007,1,0,0,0,
2026-09-05,30138,12,GAMIFICATION-SEASON2,Airpods 4,COUPON,C20260909150008,4,0,0,0,
2026-09-06,30034,1,GAMIFICATION-SEASON2,Indomaret Discount of Rp5K,COUPON,C20260907100004,25000,38,0,0,
2026-09-06,30035,1,GAMIFICATION-SEASON2,Cinema XXI Discount of Rp5K,COUPON,C20260907090002,25000,45,0,0,
2026-09-06,30036,1,GAMIFICATION-SEASON2,Green SM Discount of Rp5K,COUPON,C20260907100001,25000,41,0,0,
2026-09-06,30037,1,GAMIFICATION-SEASON2,Bluebird Discount of Rp5K,COUPON,C20260907100002,25000,49,0,0,
2026-09-06,30038,1,GAMIFICATION-SEASON2,Tokopedia Discount of Rp5K,COUPON,C20260907100005,25000,72,0,0,
2026-09-06,30039,1,GAMIFICATION-SEASON2,Balance Rp100,CASHBACK,,211809,281,0,0,
2026-09-06,30040,1,GAMIFICATION-SEASON2,Balance Rp500,CASHBACK,,141206,173,0,0,
2026-09-06,30041,1,GAMIFICATION-SEASON2,Balance Rp700,CASHBACK,,70603,80,0,0,
2026-09-06,30042,1,GAMIFICATION-SEASON2,Balance Rp1.000,CASHBACK,,70603,81,0,0,
2026-09-06,30043,2,GAMIFICATION-SEASON2,5 Weverse Jelly,COUPON,C20260818100001,41,8,0,0,
2026-09-06,30044,2,GAMIFICATION-SEASON2,Indomaret Discount of Rp5K,COUPON,C20260907090001,20000,54,0,0,
2026-09-06,30045,2,GAMIFICATION-SEASON2,Tokopedia Discount of Rp5K,COUPON,C20260907100003,25000,52,0,0,
2026-09-06,30046,2,GAMIFICATION-SEASON2,Blibli Discount of Rp5K,COUPON,C20260907100006,25000,105,0,0,
2026-09-06,30047,2,GAMIFICATION-SEASON2,15% Discount in Ismaya+ Merchant,COUPON,C20260827120001,408,5,0,0,
2026-09-06,30048,2,GAMIFICATION-SEASON2,Balance Rp100,CASHBACK,,122404,170,0,0,
2026-09-06,30049,2,GAMIFICATION-SEASON2,Balance Rp500,CASHBACK,,61202,106,0,0,
2026-09-06,30050,2,GAMIFICATION-SEASON2,Balance Rp700,CASHBACK,,61202,83,0,0,
2026-09-06,30051,2,GAMIFICATION-SEASON2,Balance Rp1.000,CASHBACK,,12240,18,0,0,
2026-09-06,30052,3,GAMIFICATION-SEASON2,Transmart Discount of Rp10K,COUPON,C20260812110002,21957,43,0,0,
2026-09-06,30053,3,GAMIFICATION-SEASON2,Metro Discount of Rp10K,COUPON,C20260818100002,10979,20,0,0,
2026-09-06,30054,3,GAMIFICATION-SEASON2,Wendy's Discount of Rp5K,COUPON,C20260818140002,10979,22,0,0,
2026-09-06,30055,3,GAMIFICATION-SEASON2,Baskin Robbins Discount of Rp5K,COUPON,C20260820110001,10979,24,0,0,
2026-09-06,30056,3,GAMIFICATION-SEASON2,The Coffee Bean & Tea Leaf  Discount of Rp5K,COUPON,C20260910100001,10979,21,0,0,
2026-09-06,30057,3,GAMIFICATION-SEASON2,Metro Discount of Rp5K,COUPON,C20260818140005,10979,28,0,0,
2026-09-06,30058,3,GAMIFICATION-SEASON2,Balance Rp100,CASHBACK,,21957,36,0,0,
2026-09-06,30059,3,GAMIFICATION-SEASON2,Balance Rp500,CASHBACK,,43914,92,0,0,
2026-09-06,30060,3,GAMIFICATION-SEASON2,Balance Rp700,CASHBACK,,43914,79,0,0,
2026-09-06,30061,3,GAMIFICATION-SEASON2,Balance Rp1.000,CASHBACK,,32936,45,0,0,
2026-09-06,30062,4,GAMIFICATION-SEASON2,Tokopedia Discount of Rp10K,COUPON,C20260818150001,10713,27,0,0,
2026-09-06,30063,4,GAMIFICATION-SEASON2,Blibli Discount of Rp15K,COUPON,C20260818150002,5357,15,0,0,
2026-09-06,30064,4,GAMIFICATION-SEASON2,Metro Discount of Rp50K,COUPON,C20260818150003,5357,9,0,0,
2026-09-06,30065,4,GAMIFICATION-SEASON2,Metro Discount of Rp15K,COUPON,C20260818150004,10713,26,0,0,
2026-09-06,30066,4,GAMIFICATION-SEASON2,Metro Discount of Rp10K,COUPON,C20260818150008,10713,28,0,0,
2026-09-06,30067,4,GAMIFICATION-SEASON2,Zena Discount of Rp100K,COUPON,C20260827110001,30,2,0,0,
2026-09-06,30068,4,GAMIFICATION-SEASON2,Prime Bag by Zena,COUPON,C20260821160004,6,2,0,0,
2026-09-06,30069,4,GAMIFICATION-SEASON2,Iris Bag by Zena,COUPON,C20260821160005,7,0,0,0,
2026-09-06,30070,4,GAMIFICATION-SEASON2,Balance Rp100,CASHBACK,,12856,18,0,0,
2026-09-06,30071,4,GAMIFICATION-SEASON2,Balance Rp500,CASHBACK,,21426,26,0,0,
2026-09-06,30072,4,GAMIFICATION-SEASON2,Balance Rp700,CASHBACK,,16070,23,0,0,
2026-09-06,30073,4,GAMIFICATION-SEASON2,Balance Rp1.000,CASHBACK,,10713,17,0,0,
2026-09-06,30125,4,GAMIFICATION-SEASON2,JD Sports Discount of Rp100K,COUPON,C20260909140001,346,0,0,0,
2026-09-06,30126,4,GAMIFICATION-SEASON2,JD Sports Discount of Rp50K,COUPON,C20260909140002,346,2,0,0,
2026-09-06,30074,5,GAMIFICATION-SEASON2,Weverse Digital Membership,COUPON,C20260826140001,821,0,0,0,
2026-09-06,30075,5,GAMIFICATION-SEASON2,5 Weverse Jelly,COUPON,C20260826140002,57,4,0,0,
2026-09-06,30076,5,GAMIFICATION-SEASON2,Weverse DM,COUPON,C20260826150001,91,0,0,0,
2026-09-06,30077,5,GAMIFICATION-SEASON2,Balance Rp500,CASHBACK,,13675,5,0,0,
2026-09-06,30078,5,GAMIFICATION-SEASON2,Balance Rp1.000,CASHBACK,,4558,3,0,0,
2026-09-06,30079,5,GAMIFICATION-SEASON2,Balance Rp2.000,CASHBACK,,4558,0,0,0,
2026-09-06,30080,5,GAMIFICATION-SEASON2,Balance Rp5.000,CASHBACK,,2279,0,0,0,
2026-09-06,30081,6,GAMIFICATION-SEASON2,Cinema XXI Discount of Rp75K,COUPON,C20260814170004,2144,0,0,0,
2026-09-06,30082,6,GAMIFICATION-SEASON2,Cinema XXI Discount of Rp50K,COUPON,C20260812160002,4288,0,0,0,
2026-09-06,30083,6,GAMIFICATION-SEASON2,Cinema XXI Discount of Rp20K,COUPON,C20260812160004,5360,0,0,0,
2026-09-06,30084,6,GAMIFICATION-SEASON2,Balance Rp1.000,CASHBACK,,3216,0,0,0,
2026-09-06,30085,6,GAMIFICATION-SEASON2,Balance Rp2.000,CASHBACK,,3216,1,0,0,
2026-09-06,30086,6,GAMIFICATION-SEASON2,Balance Rp3.000,CASHBACK,,3216,0,0,0,
2026-09-06,30087,7,GAMIFICATION-SEASON2,Shopee Discount of Rp500K,COUPON,C20260821150001,6,0,0,0,
2026-09-06,30088,7,GAMIFICATION-SEASON2,Shopee Discount of Rp100K,COUPON,C20260821150003,13,0,0,0,
2026-09-06,30089,7,GAMIFICATION-SEASON2,Shopee Discount of Rp50K,COUPON,C20260821150004,13,0,0,0,
2026-09-06,30090,7,GAMIFICATION-SEASON2,Blibli Discount of Rp50K,COUPON,C20260821160001,13,0,0,0,
2026-09-06,30091,7,GAMIFICATION-SEASON2,Gocar Discount of Rp25K,COUPON,C20260821150005,132,0,0,0,
2026-09-06,30092,7,GAMIFICATION-SEASON2,GoFood Discount of Rp25K,COUPON,C20260821150006,211,0,0,0,
2026-09-06,30093,7,GAMIFICATION-SEASON2,GoFood Discount of Rp50K,COUPON,C20260821150007,132,0,0,0,
2026-09-06,30094,7,GAMIFICATION-SEASON2,GrabFood Discount of Rp50K,COUPON,,13,0,0,0,
2026-09-06,30095,7,GAMIFICATION-SEASON2,Balance Rp1.000,CASHBACK,,395,0,0,0,
2026-09-06,30096,7,GAMIFICATION-SEASON2,Balance Rp2.000,CASHBACK,,2633,0,0,0,
2026-09-06,30097,7,GAMIFICATION-SEASON2,Balance Rp5.000,CASHBACK,,1304,0,0,0,
2026-09-06,30098,8,GAMIFICATION-SEASON2,All Pro Bag by Zena,COUPON,C20260821160006,2,0,0,0,
2026-09-06,30099,8,GAMIFICATION-SEASON2,City Bag by Zena,COUPON,C20260821160007,2,0,0,0,
2026-09-06,30100,8,GAMIFICATION-SEASON2,Aero Bag by Zena,COUPON,C20260821160008,2,0,0,0,
2026-09-06,30101,8,GAMIFICATION-SEASON2,Balance Rp5.000,CASHBACK,,2236,0,0,0,
2026-09-06,30102,8,GAMIFICATION-SEASON2,Balance Rp10.000,CASHBACK,,1491,0,0,0,
2026-09-06,30127,8,GAMIFICATION-SEASON2,Rp100k Court Disc by DOOgether,COUPON,,5,0,0,0,
2026-09-06,30128,8,GAMIFICATION-SEASON2,JD Sports Discount of Rp200K,COUPON,C20260909140003,745,0,0,0,
2026-09-06,30129,8,GAMIFICATION-SEASON2,JD Sports Rp500k,COUPON,C20260909140004,7,0,0,0,
2026-09-06,30130,8,GAMIFICATION-SEASON2,JD Sports 100K Discount,COUPON,C20260909140005,1118,0,0,0,
2026-09-06,30131,8,GAMIFICATION-SEASON2,JD Sports Rp150K Discount,COUPON,C20260909140006,1118,0,0,0,
2026-09-06,30132,8,GAMIFICATION-SEASON2,On Cloudtilt Shoes (JD Sports),COUPON,C20260909150005,1,0,0,0,
2026-09-06,30133,8,GAMIFICATION-SEASON2,1 Session in Strong Pilates,COUPON,,0,0,0,0,
2026-09-06,30103,9,GAMIFICATION-SEASON2,Tokopedia Discount of Rp25K,COUPON,C20260821140001,629,0,0,0,
2026-09-06,30104,9,GAMIFICATION-SEASON2,Blibli Discount of Rp50K,COUPON,C20260821140002,1593,0,0,0,
2026-09-06,30105,9,GAMIFICATION-SEASON2,Balance Rp10.000,CASHBACK,,922,0,0,0,
2026-09-06,30106,9,GAMIFICATION-SEASON2,Balance Rp20.000,CASHBACK,,629,0,0,0,
2026-09-06,30107,9,GAMIFICATION-SEASON2,Balance Rp30.000,CASHBACK,,210,0,0,0,
2026-09-06,30134,9,GAMIFICATION-SEASON2,K-Pop Lightstick,COUPON,C20260909150009,10,0,0,0,
2026-09-06,30135,9,GAMIFICATION-SEASON2,K-Pop Album,COUPON,C20260909150010,10,0,0,0,
2026-09-06,30108,10,GAMIFICATION-SEASON2,Ismaya+ Discount of Rp10K,COUPON,C20260818150009,211,0,0,0,
2026-09-06,30109,10,GAMIFICATION-SEASON2,Ismaya+ Discount of Rp250K,COUPON,C20260813100004,5,0,0,0,
2026-09-06,30110,10,GAMIFICATION-SEASON2,Ismaya+ Discount of Rp150K,COUPON,C20260818150007,7,0,0,0,
2026-09-06,30111,10,GAMIFICATION-SEASON2,Ismaya+ Discount of Rp100K,COUPON,C20260812150001,5,0,0,0,
2026-09-06,30112,10,GAMIFICATION-SEASON2,Ismaya+ Discount of Rp50K,COUPON,C20260812150002,2,0,0,0,
2026-09-06,30113,10,GAMIFICATION-SEASON2,Balance Rp10.000,CASHBACK,,329,0,0,0,
2026-09-06,30114,10,GAMIFICATION-SEASON2,Balance Rp20.000,CASHBACK,,52,0,0,0,
2026-09-06,30115,11,GAMIFICATION-SEASON2,Antavaya Discount of Rp200K,COUPON,C20260818150006,311,0,0,0,
2026-09-06,30116,11,GAMIFICATION-SEASON2,Tokopedia Discount of Rp300K,COUPON,C20260812150004,130,0,0,0,
2026-09-06,30117,11,GAMIFICATION-SEASON2,Blibli Discount of Rp200K,COUPON,C20260818150005,194,0,0,0,
2026-09-06,30118,11,GAMIFICATION-SEASON2,Tokopedia Discount of Rp200K,COUPON,C20260812160003,130,0,0,0,
2026-09-06,30119,11,GAMIFICATION-SEASON2,Tokopedia Discount of Rp100K,COUPON,C20260812160005,130,0,0,0,
2026-09-06,30120,11,GAMIFICATION-SEASON2,Blibli Discount of Rp75K,COUPON,C20260812160006,324,0,0,0,
2026-09-06,30121,11,GAMIFICATION-SEASON2,Balance Rp50.000,CASHBACK,,65,0,0,0,
2026-09-06,30136,11,GAMIFICATION-SEASON2,Trip to South Korea,COUPON,C20260909150006,2,0,0,0,
2026-09-06,30122,12,GAMIFICATION-SEASON2,Tokopedia Discount of Rp300K,COUPON,C20260812160007,153,0,0,0,
2026-09-06,30123,12,GAMIFICATION-SEASON2,Blibli Discount of Rp200K,COUPON,C20260812170001,219,0,0,0,
2026-09-06,30124,12,GAMIFICATION-SEASON2,Balance Rp50.000,CASHBACK,,20,0,0,0,
2026-09-06,30137,12,GAMIFICATION-SEASON2,iPhone Air 17,COUPON,C20260909150007,1,0,0,0,
2026-09-06,30138,12,GAMIFICATION-SEASON2,Airpods 4,COUPON,C20260909150008,4,0,0,0,
2026-09-07,30034,1,GAMIFICATION-SEASON2,Indomaret Discount of Rp5K,COUPON,C20260907100004,25000,38,0,0,
2026-09-07,30035,1,GAMIFICATION-SEASON2,Cinema XXI Discount of Rp5K,COUPON,C20260907090002,25000,45,0,0,
2026-09-07,30036,1,GAMIFICATION-SEASON2,Green SM Discount of Rp5K,COUPON,C20260907100001,25000,41,0,0,
2026-09-07,30037,1,GAMIFICATION-SEASON2,Bluebird Discount of Rp5K,COUPON,C20260907100002,25000,49,0,0,
2026-09-07,30038,1,GAMIFICATION-SEASON2,Tokopedia Discount of Rp5K,COUPON,C20260907100005,25000,72,0,0,
2026-09-07,30039,1,GAMIFICATION-SEASON2,Balance Rp100,CASHBACK,,211809,281,0,0,
2026-09-07,30040,1,GAMIFICATION-SEASON2,Balance Rp500,CASHBACK,,141206,173,0,0,
2026-09-07,30041,1,GAMIFICATION-SEASON2,Balance Rp700,CASHBACK,,70603,80,0,0,
2026-09-07,30042,1,GAMIFICATION-SEASON2,Balance Rp1.000,CASHBACK,,70603,81,0,0,
2026-09-07,30043,2,GAMIFICATION-SEASON2,5 Weverse Jelly,COUPON,C20260818100001,41,8,0,0,
2026-09-07,30044,2,GAMIFICATION-SEASON2,Indomaret Discount of Rp5K,COUPON,C20260907090001,20000,54,0,0,
2026-09-07,30045,2,GAMIFICATION-SEASON2,Tokopedia Discount of Rp5K,COUPON,C20260907100003,25000,52,0,0,
2026-09-07,30046,2,GAMIFICATION-SEASON2,Blibli Discount of Rp5K,COUPON,C20260907100006,25000,105,0,0,
2026-09-07,30047,2,GAMIFICATION-SEASON2,15% Discount in Ismaya+ Merchant,COUPON,C20260827120001,408,5,0,0,
2026-09-07,30048,2,GAMIFICATION-SEASON2,Balance Rp100,CASHBACK,,122404,170,0,0,
2026-09-07,30049,2,GAMIFICATION-SEASON2,Balance Rp500,CASHBACK,,61202,106,0,0,
2026-09-07,30050,2,GAMIFICATION-SEASON2,Balance Rp700,CASHBACK,,61202,83,0,0,
2026-09-07,30051,2,GAMIFICATION-SEASON2,Balance Rp1.000,CASHBACK,,12240,18,0,0,
2026-09-07,30052,3,GAMIFICATION-SEASON2,Transmart Discount of Rp10K,COUPON,C20260812110002,21957,43,0,0,
2026-09-07,30053,3,GAMIFICATION-SEASON2,Metro Discount of Rp10K,COUPON,C20260818100002,10979,20,0,0,
2026-09-07,30054,3,GAMIFICATION-SEASON2,Wendy's Discount of Rp5K,COUPON,C20260818140002,10979,22,0,0,
2026-09-07,30055,3,GAMIFICATION-SEASON2,Baskin Robbins Discount of Rp5K,COUPON,C20260820110001,10979,24,0,0,
2026-09-07,30056,3,GAMIFICATION-SEASON2,The Coffee Bean & Tea Leaf  Discount of Rp5K,COUPON,C20260910100001,10979,21,0,0,
2026-09-07,30057,3,GAMIFICATION-SEASON2,Metro Discount of Rp5K,COUPON,C20260818140005,10979,28,0,0,
2026-09-07,30058,3,GAMIFICATION-SEASON2,Balance Rp100,CASHBACK,,21957,36,0,0,
2026-09-07,30059,3,GAMIFICATION-SEASON2,Balance Rp500,CASHBACK,,43914,92,0,0,
2026-09-07,30060,3,GAMIFICATION-SEASON2,Balance Rp700,CASHBACK,,43914,79,0,0,
2026-09-07,30061,3,GAMIFICATION-SEASON2,Balance Rp1.000,CASHBACK,,32936,45,0,0,
2026-09-07,30062,4,GAMIFICATION-SEASON2,Tokopedia Discount of Rp10K,COUPON,C20260818150001,10713,27,0,0,
2026-09-07,30063,4,GAMIFICATION-SEASON2,Blibli Discount of Rp15K,COUPON,C20260818150002,5357,15,0,0,
2026-09-07,30064,4,GAMIFICATION-SEASON2,Metro Discount of Rp50K,COUPON,C20260818150003,5357,9,0,0,
2026-09-07,30065,4,GAMIFICATION-SEASON2,Metro Discount of Rp15K,COUPON,C20260818150004,10713,26,0,0,
2026-09-07,30066,4,GAMIFICATION-SEASON2,Metro Discount of Rp10K,COUPON,C20260818150008,10713,28,0,0,
2026-09-07,30067,4,GAMIFICATION-SEASON2,Zena Discount of Rp100K,COUPON,C20260827110001,30,2,0,0,
2026-09-07,30068,4,GAMIFICATION-SEASON2,Prime Bag by Zena,COUPON,C20260821160004,6,2,0,0,
2026-09-07,30069,4,GAMIFICATION-SEASON2,Iris Bag by Zena,COUPON,C20260821160005,7,0,0,0,
2026-09-07,30070,4,GAMIFICATION-SEASON2,Balance Rp100,CASHBACK,,12856,18,0,0,
2026-09-07,30071,4,GAMIFICATION-SEASON2,Balance Rp500,CASHBACK,,21426,26,0,0,
2026-09-07,30072,4,GAMIFICATION-SEASON2,Balance Rp700,CASHBACK,,16070,23,0,0,
2026-09-07,30073,4,GAMIFICATION-SEASON2,Balance Rp1.000,CASHBACK,,10713,17,0,0,
2026-09-07,30125,4,GAMIFICATION-SEASON2,JD Sports Discount of Rp100K,COUPON,C20260909140001,346,0,0,0,
2026-09-07,30126,4,GAMIFICATION-SEASON2,JD Sports Discount of Rp50K,COUPON,C20260909140002,346,2,0,0,
2026-09-07,30074,5,GAMIFICATION-SEASON2,Weverse Digital Membership,COUPON,C20260826140001,821,0,0,0,
2026-09-07,30075,5,GAMIFICATION-SEASON2,5 Weverse Jelly,COUPON,C20260826140002,57,4,0,0,
2026-09-07,30076,5,GAMIFICATION-SEASON2,Weverse DM,COUPON,C20260826150001,91,0,0,0,
2026-09-07,30077,5,GAMIFICATION-SEASON2,Balance Rp500,CASHBACK,,13675,5,0,0,
2026-09-07,30078,5,GAMIFICATION-SEASON2,Balance Rp1.000,CASHBACK,,4558,3,0,0,
2026-09-07,30079,5,GAMIFICATION-SEASON2,Balance Rp2.000,CASHBACK,,4558,0,0,0,
2026-09-07,30080,5,GAMIFICATION-SEASON2,Balance Rp5.000,CASHBACK,,2279,0,0,0,
2026-09-07,30081,6,GAMIFICATION-SEASON2,Cinema XXI Discount of Rp75K,COUPON,C20260814170004,2144,0,0,0,
2026-09-07,30082,6,GAMIFICATION-SEASON2,Cinema XXI Discount of Rp50K,COUPON,C20260812160002,4288,0,0,0,
2026-09-07,30083,6,GAMIFICATION-SEASON2,Cinema XXI Discount of Rp20K,COUPON,C20260812160004,5360,0,0,0,
2026-09-07,30084,6,GAMIFICATION-SEASON2,Balance Rp1.000,CASHBACK,,3216,0,0,0,
2026-09-07,30085,6,GAMIFICATION-SEASON2,Balance Rp2.000,CASHBACK,,3216,1,0,0,
2026-09-07,30086,6,GAMIFICATION-SEASON2,Balance Rp3.000,CASHBACK,,3216,0,0,0,
2026-09-07,30087,7,GAMIFICATION-SEASON2,Shopee Discount of Rp500K,COUPON,C20260821150001,6,0,0,0,
2026-09-07,30088,7,GAMIFICATION-SEASON2,Shopee Discount of Rp100K,COUPON,C20260821150003,13,0,0,0,
2026-09-07,30089,7,GAMIFICATION-SEASON2,Shopee Discount of Rp50K,COUPON,C20260821150004,13,0,0,0,
2026-09-07,30090,7,GAMIFICATION-SEASON2,Blibli Discount of Rp50K,COUPON,C20260821160001,13,0,0,0,
2026-09-07,30091,7,GAMIFICATION-SEASON2,Gocar Discount of Rp25K,COUPON,C20260821150005,132,0,0,0,
2026-09-07,30092,7,GAMIFICATION-SEASON2,GoFood Discount of Rp25K,COUPON,C20260821150006,211,0,0,0,
2026-09-07,30093,7,GAMIFICATION-SEASON2,GoFood Discount of Rp50K,COUPON,C20260821150007,132,0,0,0,
2026-09-07,30094,7,GAMIFICATION-SEASON2,GrabFood Discount of Rp50K,COUPON,,13,0,0,0,
2026-09-07,30095,7,GAMIFICATION-SEASON2,Balance Rp1.000,CASHBACK,,395,0,0,0,
2026-09-07,30096,7,GAMIFICATION-SEASON2,Balance Rp2.000,CASHBACK,,2633,0,0,0,
2026-09-07,30097,7,GAMIFICATION-SEASON2,Balance Rp5.000,CASHBACK,,1304,0,0,0,
2026-09-07,30098,8,GAMIFICATION-SEASON2,All Pro Bag by Zena,COUPON,C20260821160006,2,0,0,0,
2026-09-07,30099,8,GAMIFICATION-SEASON2,City Bag by Zena,COUPON,C20260821160007,2,0,0,0,
2026-09-07,30100,8,GAMIFICATION-SEASON2,Aero Bag by Zena,COUPON,C20260821160008,2,0,0,0,
2026-09-07,30101,8,GAMIFICATION-SEASON2,Balance Rp5.000,CASHBACK,,2236,0,0,0,
2026-09-07,30102,8,GAMIFICATION-SEASON2,Balance Rp10.000,CASHBACK,,1491,0,0,0,
2026-09-07,30127,8,GAMIFICATION-SEASON2,Rp100k Court Disc by DOOgether,COUPON,,5,0,0,0,
2026-09-07,30128,8,GAMIFICATION-SEASON2,JD Sports Discount of Rp200K,COUPON,C20260909140003,745,0,0,0,
2026-09-07,30129,8,GAMIFICATION-SEASON2,JD Sports Rp500k,COUPON,C20260909140004,7,0,0,0,
2026-09-07,30130,8,GAMIFICATION-SEASON2,JD Sports 100K Discount,COUPON,C20260909140005,1118,0,0,0,
2026-09-07,30131,8,GAMIFICATION-SEASON2,JD Sports Rp150K Discount,COUPON,C20260909140006,1118,0,0,0,
2026-09-07,30132,8,GAMIFICATION-SEASON2,On Cloudtilt Shoes (JD Sports),COUPON,C20260909150005,1,0,0,0,
2026-09-07,30133,8,GAMIFICATION-SEASON2,1 Session in Strong Pilates,COUPON,,0,0,0,0,
2026-09-07,30103,9,GAMIFICATION-SEASON2,Tokopedia Discount of Rp25K,COUPON,C20260821140001,629,0,0,0,
2026-09-07,30104,9,GAMIFICATION-SEASON2,Blibli Discount of Rp50K,COUPON,C20260821140002,1593,0,0,0,
2026-09-07,30105,9,GAMIFICATION-SEASON2,Balance Rp10.000,CASHBACK,,922,0,0,0,
2026-09-07,30106,9,GAMIFICATION-SEASON2,Balance Rp20.000,CASHBACK,,629,0,0,0,
2026-09-07,30107,9,GAMIFICATION-SEASON2,Balance Rp30.000,CASHBACK,,210,0,0,0,
2026-09-07,30134,9,GAMIFICATION-SEASON2,K-Pop Lightstick,COUPON,C20260909150009,10,0,0,0,
2026-09-07,30135,9,GAMIFICATION-SEASON2,K-Pop Album,COUPON,C20260909150010,10,0,0,0,
2026-09-07,30108,10,GAMIFICATION-SEASON2,Ismaya+ Discount of Rp10K,COUPON,C20260818150009,211,0,0,0,
2026-09-07,30109,10,GAMIFICATION-SEASON2,Ismaya+ Discount of Rp250K,COUPON,C20260813100004,5,0,0,0,
2026-09-07,30110,10,GAMIFICATION-SEASON2,Ismaya+ Discount of Rp150K,COUPON,C20260818150007,7,0,0,0,
2026-09-07,30111,10,GAMIFICATION-SEASON2,Ismaya+ Discount of Rp100K,COUPON,C20260812150001,5,0,0,0,
2026-09-07,30112,10,GAMIFICATION-SEASON2,Ismaya+ Discount of Rp50K,COUPON,C20260812150002,2,0,0,0,
2026-09-07,30113,10,GAMIFICATION-SEASON2,Balance Rp10.000,CASHBACK,,329,0,0,0,
2026-09-07,30114,10,GAMIFICATION-SEASON2,Balance Rp20.000,CASHBACK,,52,0,0,0,
2026-09-07,30115,11,GAMIFICATION-SEASON2,Antavaya Discount of Rp200K,COUPON,C20260818150006,311,0,0,0,
2026-09-07,30116,11,GAMIFICATION-SEASON2,Tokopedia Discount of Rp300K,COUPON,C20260812150004,130,0,0,0,
2026-09-07,30117,11,GAMIFICATION-SEASON2,Blibli Discount of Rp200K,COUPON,C20260818150005,194,0,0,0,
2026-09-07,30118,11,GAMIFICATION-SEASON2,Tokopedia Discount of Rp200K,COUPON,C20260812160003,130,0,0,0,
2026-09-07,30119,11,GAMIFICATION-SEASON2,Tokopedia Discount of Rp100K,COUPON,C20260812160005,130,0,0,0,
2026-09-07,30120,11,GAMIFICATION-SEASON2,Blibli Discount of Rp75K,COUPON,C20260812160006,324,0,0,0,
2026-09-07,30121,11,GAMIFICATION-SEASON2,Balance Rp50.000,CASHBACK,,65,0,0,0,
2026-09-07,30136,11,GAMIFICATION-SEASON2,Trip to South Korea,COUPON,C20260909150006,2,0,0,0,
2026-09-07,30122,12,GAMIFICATION-SEASON2,Tokopedia Discount of Rp300K,COUPON,C20260812160007,153,0,0,0,
2026-09-07,30123,12,GAMIFICATION-SEASON2,Blibli Discount of Rp200K,COUPON,C20260812170001,219,0,0,0,
2026-09-07,30124,12,GAMIFICATION-SEASON2,Balance Rp50.000,CASHBACK,,20,0,0,0,
2026-09-07,30137,12,GAMIFICATION-SEASON2,iPhone Air 17,COUPON,C20260909150007,1,0,0,0,
2026-09-07,30138,12,GAMIFICATION-SEASON2,Airpods 4,COUPON,C20260909150008,4,0,0,0,
2026-09-08,30034,1,GAMIFICATION-SEASON2,Indomaret Discount of Rp5K,COUPON,C20260907100004,25000,38,0,0,
2026-09-08,30035,1,GAMIFICATION-SEASON2,Cinema XXI Discount of Rp5K,COUPON,C20260907090002,25000,45,0,0,
2026-09-08,30036,1,GAMIFICATION-SEASON2,Green SM Discount of Rp5K,COUPON,C20260907100001,25000,41,0,0,
2026-09-08,30037,1,GAMIFICATION-SEASON2,Bluebird Discount of Rp5K,COUPON,C20260907100002,25000,49,0,0,
2026-09-08,30038,1,GAMIFICATION-SEASON2,Tokopedia Discount of Rp5K,COUPON,C20260907100005,25000,72,0,0,
2026-09-08,30039,1,GAMIFICATION-SEASON2,Balance Rp100,CASHBACK,,211809,281,0,0,
2026-09-08,30040,1,GAMIFICATION-SEASON2,Balance Rp500,CASHBACK,,141206,173,0,0,
2026-09-08,30041,1,GAMIFICATION-SEASON2,Balance Rp700,CASHBACK,,70603,80,0,0,
2026-09-08,30042,1,GAMIFICATION-SEASON2,Balance Rp1.000,CASHBACK,,70603,81,0,0,
2026-09-08,30043,2,GAMIFICATION-SEASON2,5 Weverse Jelly,COUPON,C20260818100001,41,8,0,0,
2026-09-08,30044,2,GAMIFICATION-SEASON2,Indomaret Discount of Rp5K,COUPON,C20260907090001,20000,54,0,0,
2026-09-08,30045,2,GAMIFICATION-SEASON2,Tokopedia Discount of Rp5K,COUPON,C20260907100003,25000,52,0,0,
2026-09-08,30046,2,GAMIFICATION-SEASON2,Blibli Discount of Rp5K,COUPON,C20260907100006,25000,105,0,0,
2026-09-08,30047,2,GAMIFICATION-SEASON2,15% Discount in Ismaya+ Merchant,COUPON,C20260827120001,408,5,0,0,
2026-09-08,30048,2,GAMIFICATION-SEASON2,Balance Rp100,CASHBACK,,122404,170,0,0,
2026-09-08,30049,2,GAMIFICATION-SEASON2,Balance Rp500,CASHBACK,,61202,106,0,0,
2026-09-08,30050,2,GAMIFICATION-SEASON2,Balance Rp700,CASHBACK,,61202,83,0,0,
2026-09-08,30051,2,GAMIFICATION-SEASON2,Balance Rp1.000,CASHBACK,,12240,18,0,0,
2026-09-08,30052,3,GAMIFICATION-SEASON2,Transmart Discount of Rp10K,COUPON,C20260812110002,21957,43,0,0,
2026-09-08,30053,3,GAMIFICATION-SEASON2,Metro Discount of Rp10K,COUPON,C20260818100002,10979,20,0,0,
2026-09-08,30054,3,GAMIFICATION-SEASON2,Wendy's Discount of Rp5K,COUPON,C20260818140002,10979,22,0,0,
2026-09-08,30055,3,GAMIFICATION-SEASON2,Baskin Robbins Discount of Rp5K,COUPON,C20260820110001,10979,24,0,0,
2026-09-08,30056,3,GAMIFICATION-SEASON2,The Coffee Bean & Tea Leaf  Discount of Rp5K,COUPON,C20260910100001,10979,21,0,0,
2026-09-08,30057,3,GAMIFICATION-SEASON2,Metro Discount of Rp5K,COUPON,C20260818140005,10979,28,0,0,
2026-09-08,30058,3,GAMIFICATION-SEASON2,Balance Rp100,CASHBACK,,21957,36,0,0,
2026-09-08,30059,3,GAMIFICATION-SEASON2,Balance Rp500,CASHBACK,,43914,92,0,0,
2026-09-08,30060,3,GAMIFICATION-SEASON2,Balance Rp700,CASHBACK,,43914,79,0,0,
2026-09-08,30061,3,GAMIFICATION-SEASON2,Balance Rp1.000,CASHBACK,,32936,45,0,0,
2026-09-08,30062,4,GAMIFICATION-SEASON2,Tokopedia Discount of Rp10K,COUPON,C20260818150001,10713,27,0,0,
2026-09-08,30063,4,GAMIFICATION-SEASON2,Blibli Discount of Rp15K,COUPON,C20260818150002,5357,15,0,0,
2026-09-08,30064,4,GAMIFICATION-SEASON2,Metro Discount of Rp50K,COUPON,C20260818150003,5357,9,0,0,
2026-09-08,30065,4,GAMIFICATION-SEASON2,Metro Discount of Rp15K,COUPON,C20260818150004,10713,26,0,0,
2026-09-08,30066,4,GAMIFICATION-SEASON2,Metro Discount of Rp10K,COUPON,C20260818150008,10713,28,0,0,
2026-09-08,30067,4,GAMIFICATION-SEASON2,Zena Discount of Rp100K,COUPON,C20260827110001,30,2,0,0,
2026-09-08,30068,4,GAMIFICATION-SEASON2,Prime Bag by Zena,COUPON,C20260821160004,6,2,0,0,
2026-09-08,30069,4,GAMIFICATION-SEASON2,Iris Bag by Zena,COUPON,C20260821160005,7,0,0,0,
2026-09-08,30070,4,GAMIFICATION-SEASON2,Balance Rp100,CASHBACK,,12856,18,0,0,
2026-09-08,30071,4,GAMIFICATION-SEASON2,Balance Rp500,CASHBACK,,21426,26,0,0,
2026-09-08,30072,4,GAMIFICATION-SEASON2,Balance Rp700,CASHBACK,,16070,23,0,0,
2026-09-08,30073,4,GAMIFICATION-SEASON2,Balance Rp1.000,CASHBACK,,10713,17,0,0,
2026-09-08,30125,4,GAMIFICATION-SEASON2,JD Sports Discount of Rp100K,COUPON,C20260909140001,346,0,0,0,
2026-09-08,30126,4,GAMIFICATION-SEASON2,JD Sports Discount of Rp50K,COUPON,C20260909140002,346,2,0,0,
2026-09-08,30074,5,GAMIFICATION-SEASON2,Weverse Digital Membership,COUPON,C20260826140001,821,0,0,0,
2026-09-08,30075,5,GAMIFICATION-SEASON2,5 Weverse Jelly,COUPON,C20260826140002,57,4,0,0,
2026-09-08,30076,5,GAMIFICATION-SEASON2,Weverse DM,COUPON,C20260826150001,91,0,0,0,
2026-09-08,30077,5,GAMIFICATION-SEASON2,Balance Rp500,CASHBACK,,13675,5,0,0,
2026-09-08,30078,5,GAMIFICATION-SEASON2,Balance Rp1.000,CASHBACK,,4558,3,0,0,
2026-09-08,30079,5,GAMIFICATION-SEASON2,Balance Rp2.000,CASHBACK,,4558,0,0,0,
2026-09-08,30080,5,GAMIFICATION-SEASON2,Balance Rp5.000,CASHBACK,,2279,0,0,0,
2026-09-08,30081,6,GAMIFICATION-SEASON2,Cinema XXI Discount of Rp75K,COUPON,C20260814170004,2144,0,0,0,
2026-09-08,30082,6,GAMIFICATION-SEASON2,Cinema XXI Discount of Rp50K,COUPON,C20260812160002,4288,0,0,0,
2026-09-08,30083,6,GAMIFICATION-SEASON2,Cinema XXI Discount of Rp20K,COUPON,C20260812160004,5360,0,0,0,
2026-09-08,30084,6,GAMIFICATION-SEASON2,Balance Rp1.000,CASHBACK,,3216,0,0,0,
2026-09-08,30085,6,GAMIFICATION-SEASON2,Balance Rp2.000,CASHBACK,,3216,1,0,0,
2026-09-08,30086,6,GAMIFICATION-SEASON2,Balance Rp3.000,CASHBACK,,3216,0,0,0,
2026-09-08,30087,7,GAMIFICATION-SEASON2,Shopee Discount of Rp500K,COUPON,C20260821150001,6,0,0,0,
2026-09-08,30088,7,GAMIFICATION-SEASON2,Shopee Discount of Rp100K,COUPON,C20260821150003,13,0,0,0,
2026-09-08,30089,7,GAMIFICATION-SEASON2,Shopee Discount of Rp50K,COUPON,C20260821150004,13,0,0,0,
2026-09-08,30090,7,GAMIFICATION-SEASON2,Blibli Discount of Rp50K,COUPON,C20260821160001,13,0,0,0,
2026-09-08,30091,7,GAMIFICATION-SEASON2,Gocar Discount of Rp25K,COUPON,C20260821150005,132,0,0,0,
2026-09-08,30092,7,GAMIFICATION-SEASON2,GoFood Discount of Rp25K,COUPON,C20260821150006,211,0,0,0,
2026-09-08,30093,7,GAMIFICATION-SEASON2,GoFood Discount of Rp50K,COUPON,C20260821150007,132,0,0,0,
2026-09-08,30094,7,GAMIFICATION-SEASON2,GrabFood Discount of Rp50K,COUPON,,13,0,0,0,
2026-09-08,30095,7,GAMIFICATION-SEASON2,Balance Rp1.000,CASHBACK,,395,0,0,0,
2026-09-08,30096,7,GAMIFICATION-SEASON2,Balance Rp2.000,CASHBACK,,2633,0,0,0,
2026-09-08,30097,7,GAMIFICATION-SEASON2,Balance Rp5.000,CASHBACK,,1304,0,0,0,
2026-09-08,30098,8,GAMIFICATION-SEASON2,All Pro Bag by Zena,COUPON,C20260821160006,2,0,0,0,
2026-09-08,30099,8,GAMIFICATION-SEASON2,City Bag by Zena,COUPON,C20260821160007,2,0,0,0,
2026-09-08,30100,8,GAMIFICATION-SEASON2,Aero Bag by Zena,COUPON,C20260821160008,2,0,0,0,
2026-09-08,30101,8,GAMIFICATION-SEASON2,Balance Rp5.000,CASHBACK,,2236,0,0,0,
2026-09-08,30102,8,GAMIFICATION-SEASON2,Balance Rp10.000,CASHBACK,,1491,0,0,0,
2026-09-08,30127,8,GAMIFICATION-SEASON2,Rp100k Court Disc by DOOgether,COUPON,,5,0,0,0,
2026-09-08,30128,8,GAMIFICATION-SEASON2,JD Sports Discount of Rp200K,COUPON,C20260909140003,745,0,0,0,
2026-09-08,30129,8,GAMIFICATION-SEASON2,JD Sports Rp500k,COUPON,C20260909140004,7,0,0,0,
2026-09-08,30130,8,GAMIFICATION-SEASON2,JD Sports 100K Discount,COUPON,C20260909140005,1118,0,0,0,
2026-09-08,30131,8,GAMIFICATION-SEASON2,JD Sports Rp150K Discount,COUPON,C20260909140006,1118,0,0,0,
2026-09-08,30132,8,GAMIFICATION-SEASON2,On Cloudtilt Shoes (JD Sports),COUPON,C20260909150005,1,0,0,0,
2026-09-08,30133,8,GAMIFICATION-SEASON2,1 Session in Strong Pilates,COUPON,,0,0,0,0,
2026-09-08,30103,9,GAMIFICATION-SEASON2,Tokopedia Discount of Rp25K,COUPON,C20260821140001,629,0,0,0,
2026-09-08,30104,9,GAMIFICATION-SEASON2,Blibli Discount of Rp50K,COUPON,C20260821140002,1593,0,0,0,
2026-09-08,30105,9,GAMIFICATION-SEASON2,Balance Rp10.000,CASHBACK,,922,0,0,0,
2026-09-08,30106,9,GAMIFICATION-SEASON2,Balance Rp20.000,CASHBACK,,629,0,0,0,
2026-09-08,30107,9,GAMIFICATION-SEASON2,Balance Rp30.000,CASHBACK,,210,0,0,0,
2026-09-08,30134,9,GAMIFICATION-SEASON2,K-Pop Lightstick,COUPON,C20260909150009,10,0,0,0,
2026-09-08,30135,9,GAMIFICATION-SEASON2,K-Pop Album,COUPON,C20260909150010,10,0,0,0,
2026-09-08,30108,10,GAMIFICATION-SEASON2,Ismaya+ Discount of Rp10K,COUPON,C20260818150009,211,0,0,0,
2026-09-08,30109,10,GAMIFICATION-SEASON2,Ismaya+ Discount of Rp250K,COUPON,C20260813100004,5,0,0,0,
2026-09-08,30110,10,GAMIFICATION-SEASON2,Ismaya+ Discount of Rp150K,COUPON,C20260818150007,7,0,0,0,
2026-09-08,30111,10,GAMIFICATION-SEASON2,Ismaya+ Discount of Rp100K,COUPON,C20260812150001,5,0,0,0,
2026-09-08,30112,10,GAMIFICATION-SEASON2,Ismaya+ Discount of Rp50K,COUPON,C20260812150002,2,0,0,0,
2026-09-08,30113,10,GAMIFICATION-SEASON2,Balance Rp10.000,CASHBACK,,329,0,0,0,
2026-09-08,30114,10,GAMIFICATION-SEASON2,Balance Rp20.000,CASHBACK,,52,0,0,0,
2026-09-08,30115,11,GAMIFICATION-SEASON2,Antavaya Discount of Rp200K,COUPON,C20260818150006,311,0,0,0,
2026-09-08,30116,11,GAMIFICATION-SEASON2,Tokopedia Discount of Rp300K,COUPON,C20260812150004,130,0,0,0,
2026-09-08,30117,11,GAMIFICATION-SEASON2,Blibli Discount of Rp200K,COUPON,C20260818150005,194,0,0,0,
2026-09-08,30118,11,GAMIFICATION-SEASON2,Tokopedia Discount of Rp200K,COUPON,C20260812160003,130,0,0,0,
2026-09-08,30119,11,GAMIFICATION-SEASON2,Tokopedia Discount of Rp100K,COUPON,C20260812160005,130,0,0,0,
2026-09-08,30120,11,GAMIFICATION-SEASON2,Blibli Discount of Rp75K,COUPON,C20260812160006,324,0,0,0,
2026-09-08,30121,11,GAMIFICATION-SEASON2,Balance Rp50.000,CASHBACK,,65,0,0,0,
2026-09-08,30136,11,GAMIFICATION-SEASON2,Trip to South Korea,COUPON,C20260909150006,2,0,0,0,
2026-09-08,30122,12,GAMIFICATION-SEASON2,Tokopedia Discount of Rp300K,COUPON,C20260812160007,153,0,0,0,
2026-09-08,30123,12,GAMIFICATION-SEASON2,Blibli Discount of Rp200K,COUPON,C20260812170001,219,0,0,0,
2026-09-08,30124,12,GAMIFICATION-SEASON2,Balance Rp50.000,CASHBACK,,20,0,0,0,
2026-09-08,30137,12,GAMIFICATION-SEASON2,iPhone Air 17,COUPON,C20260909150007,1,0,0,0,
2026-09-08,30138,12,GAMIFICATION-SEASON2,Airpods 4,COUPON,C20260909150008,4,0,0,0,
2026-09-09,30034,1,GAMIFICATION-SEASON2,Indomaret Discount of Rp5K,COUPON,C20260907100004,25000,38,0,0,
2026-09-09,30035,1,GAMIFICATION-SEASON2,Cinema XXI Discount of Rp5K,COUPON,C20260907090002,25000,45,0,0,
2026-09-09,30036,1,GAMIFICATION-SEASON2,Green SM Discount of Rp5K,COUPON,C20260907100001,25000,41,0,0,
2026-09-09,30037,1,GAMIFICATION-SEASON2,Bluebird Discount of Rp5K,COUPON,C20260907100002,25000,49,0,0,
2026-09-09,30038,1,GAMIFICATION-SEASON2,Tokopedia Discount of Rp5K,COUPON,C20260907100005,25000,72,0,0,
2026-09-09,30039,1,GAMIFICATION-SEASON2,Balance Rp100,CASHBACK,,211809,281,0,0,
2026-09-09,30040,1,GAMIFICATION-SEASON2,Balance Rp500,CASHBACK,,141206,173,0,0,
2026-09-09,30041,1,GAMIFICATION-SEASON2,Balance Rp700,CASHBACK,,70603,80,0,0,
2026-09-09,30042,1,GAMIFICATION-SEASON2,Balance Rp1.000,CASHBACK,,70603,81,0,0,
2026-09-09,30043,2,GAMIFICATION-SEASON2,5 Weverse Jelly,COUPON,C20260818100001,41,8,0,0,
2026-09-09,30044,2,GAMIFICATION-SEASON2,Indomaret Discount of Rp5K,COUPON,C20260907090001,20000,54,0,0,
2026-09-09,30045,2,GAMIFICATION-SEASON2,Tokopedia Discount of Rp5K,COUPON,C20260907100003,25000,52,0,0,
2026-09-09,30046,2,GAMIFICATION-SEASON2,Blibli Discount of Rp5K,COUPON,C20260907100006,25000,105,0,0,
2026-09-09,30047,2,GAMIFICATION-SEASON2,15% Discount in Ismaya+ Merchant,COUPON,C20260827120001,408,5,0,0,
2026-09-09,30048,2,GAMIFICATION-SEASON2,Balance Rp100,CASHBACK,,122404,170,0,0,
2026-09-09,30049,2,GAMIFICATION-SEASON2,Balance Rp500,CASHBACK,,61202,106,1,1,500.00
2026-09-09,30050,2,GAMIFICATION-SEASON2,Balance Rp700,CASHBACK,,61202,83,0,0,
2026-09-09,30051,2,GAMIFICATION-SEASON2,Balance Rp1.000,CASHBACK,,12240,18,0,0,
2026-09-09,30052,3,GAMIFICATION-SEASON2,Transmart Discount of Rp10K,COUPON,C20260812110002,21957,43,0,0,
2026-09-09,30053,3,GAMIFICATION-SEASON2,Metro Discount of Rp10K,COUPON,C20260818100002,10979,20,0,0,
2026-09-09,30054,3,GAMIFICATION-SEASON2,Wendy's Discount of Rp5K,COUPON,C20260818140002,10979,22,0,0,
2026-09-09,30055,3,GAMIFICATION-SEASON2,Baskin Robbins Discount of Rp5K,COUPON,C20260820110001,10979,24,0,0,
2026-09-09,30056,3,GAMIFICATION-SEASON2,The Coffee Bean & Tea Leaf  Discount of Rp5K,COUPON,C20260910100001,10979,21,0,0,
2026-09-09,30057,3,GAMIFICATION-SEASON2,Metro Discount of Rp5K,COUPON,C20260818140005,10979,28,0,0,
2026-09-09,30058,3,GAMIFICATION-SEASON2,Balance Rp100,CASHBACK,,21957,36,0,0,
2026-09-09,30059,3,GAMIFICATION-SEASON2,Balance Rp500,CASHBACK,,43914,92,0,0,
2026-09-09,30060,3,GAMIFICATION-SEASON2,Balance Rp700,CASHBACK,,43914,79,0,0,
2026-09-09,30061,3,GAMIFICATION-SEASON2,Balance Rp1.000,CASHBACK,,32936,45,0,0,
2026-09-09,30062,4,GAMIFICATION-SEASON2,Tokopedia Discount of Rp10K,COUPON,C20260818150001,10713,27,0,0,
2026-09-09,30063,4,GAMIFICATION-SEASON2,Blibli Discount of Rp15K,COUPON,C20260818150002,5357,15,0,0,
2026-09-09,30064,4,GAMIFICATION-SEASON2,Metro Discount of Rp50K,COUPON,C20260818150003,5357,9,0,0,
2026-09-09,30065,4,GAMIFICATION-SEASON2,Metro Discount of Rp15K,COUPON,C20260818150004,10713,26,0,0,
2026-09-09,30066,4,GAMIFICATION-SEASON2,Metro Discount of Rp10K,COUPON,C20260818150008,10713,28,0,0,
2026-09-09,30067,4,GAMIFICATION-SEASON2,Zena Discount of Rp100K,COUPON,C20260827110001,30,2,0,0,
2026-09-09,30068,4,GAMIFICATION-SEASON2,Prime Bag by Zena,COUPON,C20260821160004,6,2,0,0,
2026-09-09,30069,4,GAMIFICATION-SEASON2,Iris Bag by Zena,COUPON,C20260821160005,7,0,0,0,
2026-09-09,30070,4,GAMIFICATION-SEASON2,Balance Rp100,CASHBACK,,12856,18,0,0,
2026-09-09,30071,4,GAMIFICATION-SEASON2,Balance Rp500,CASHBACK,,21426,26,0,0,
2026-09-09,30072,4,GAMIFICATION-SEASON2,Balance Rp700,CASHBACK,,16070,23,0,0,
2026-09-09,30073,4,GAMIFICATION-SEASON2,Balance Rp1.000,CASHBACK,,10713,17,0,0,
2026-09-09,30125,4,GAMIFICATION-SEASON2,JD Sports Discount of Rp100K,COUPON,C20260909140001,346,0,0,0,
2026-09-09,30126,4,GAMIFICATION-SEASON2,JD Sports Discount of Rp50K,COUPON,C20260909140002,346,2,0,0,
2026-09-09,30074,5,GAMIFICATION-SEASON2,Weverse Digital Membership,COUPON,C20260826140001,821,0,0,0,
2026-09-09,30075,5,GAMIFICATION-SEASON2,5 Weverse Jelly,COUPON,C20260826140002,57,4,0,0,
2026-09-09,30076,5,GAMIFICATION-SEASON2,Weverse DM,COUPON,C20260826150001,91,0,0,0,
2026-09-09,30077,5,GAMIFICATION-SEASON2,Balance Rp500,CASHBACK,,13675,5,0,0,
2026-09-09,30078,5,GAMIFICATION-SEASON2,Balance Rp1.000,CASHBACK,,4558,3,0,0,
2026-09-09,30079,5,GAMIFICATION-SEASON2,Balance Rp2.000,CASHBACK,,4558,0,0,0,
2026-09-09,30080,5,GAMIFICATION-SEASON2,Balance Rp5.000,CASHBACK,,2279,0,0,0,
2026-09-09,30081,6,GAMIFICATION-SEASON2,Cinema XXI Discount of Rp75K,COUPON,C20260814170004,2144,0,0,0,
2026-09-09,30082,6,GAMIFICATION-SEASON2,Cinema XXI Discount of Rp50K,COUPON,C20260812160002,4288,0,0,0,
2026-09-09,30083,6,GAMIFICATION-SEASON2,Cinema XXI Discount of Rp20K,COUPON,C20260812160004,5360,0,0,0,
2026-09-09,30084,6,GAMIFICATION-SEASON2,Balance Rp1.000,CASHBACK,,3216,0,0,0,
2026-09-09,30085,6,GAMIFICATION-SEASON2,Balance Rp2.000,CASHBACK,,3216,1,0,0,
2026-09-09,30086,6,GAMIFICATION-SEASON2,Balance Rp3.000,CASHBACK,,3216,0,0,0,
2026-09-09,30087,7,GAMIFICATION-SEASON2,Shopee Discount of Rp500K,COUPON,C20260821150001,6,0,0,0,
2026-09-09,30088,7,GAMIFICATION-SEASON2,Shopee Discount of Rp100K,COUPON,C20260821150003,13,0,0,0,
2026-09-09,30089,7,GAMIFICATION-SEASON2,Shopee Discount of Rp50K,COUPON,C20260821150004,13,0,0,0,
2026-09-09,30090,7,GAMIFICATION-SEASON2,Blibli Discount of Rp50K,COUPON,C20260821160001,13,0,0,0,
2026-09-09,30091,7,GAMIFICATION-SEASON2,Gocar Discount of Rp25K,COUPON,C20260821150005,132,0,0,0,
2026-09-09,30092,7,GAMIFICATION-SEASON2,GoFood Discount of Rp25K,COUPON,C20260821150006,211,0,0,0,
2026-09-09,30093,7,GAMIFICATION-SEASON2,GoFood Discount of Rp50K,COUPON,C20260821150007,132,0,0,0,
2026-09-09,30094,7,GAMIFICATION-SEASON2,GrabFood Discount of Rp50K,COUPON,,13,0,0,0,
2026-09-09,30095,7,GAMIFICATION-SEASON2,Balance Rp1.000,CASHBACK,,395,0,0,0,
2026-09-09,30096,7,GAMIFICATION-SEASON2,Balance Rp2.000,CASHBACK,,2633,0,0,0,
2026-09-09,30097,7,GAMIFICATION-SEASON2,Balance Rp5.000,CASHBACK,,1304,0,0,0,
2026-09-09,30098,8,GAMIFICATION-SEASON2,All Pro Bag by Zena,COUPON,C20260821160006,2,0,0,0,
2026-09-09,30099,8,GAMIFICATION-SEASON2,City Bag by Zena,COUPON,C20260821160007,2,0,0,0,
2026-09-09,30100,8,GAMIFICATION-SEASON2,Aero Bag by Zena,COUPON,C20260821160008,2,0,0,0,
2026-09-09,30101,8,GAMIFICATION-SEASON2,Balance Rp5.000,CASHBACK,,2236,0,0,0,
2026-09-09,30102,8,GAMIFICATION-SEASON2,Balance Rp10.000,CASHBACK,,1491,0,0,0,
2026-09-09,30127,8,GAMIFICATION-SEASON2,Rp100k Court Disc by DOOgether,COUPON,,5,0,0,0,
2026-09-09,30128,8,GAMIFICATION-SEASON2,JD Sports Discount of Rp200K,COUPON,C20260909140003,745,0,0,0,
2026-09-09,30129,8,GAMIFICATION-SEASON2,JD Sports Rp500k,COUPON,C20260909140004,7,0,0,0,
2026-09-09,30130,8,GAMIFICATION-SEASON2,JD Sports 100K Discount,COUPON,C20260909140005,1118,0,0,0,
2026-09-09,30131,8,GAMIFICATION-SEASON2,JD Sports Rp150K Discount,COUPON,C20260909140006,1118,0,0,0,
2026-09-09,30132,8,GAMIFICATION-SEASON2,On Cloudtilt Shoes (JD Sports),COUPON,C20260909150005,1,0,0,0,
2026-09-09,30133,8,GAMIFICATION-SEASON2,1 Session in Strong Pilates,COUPON,,0,0,0,0,
2026-09-09,30103,9,GAMIFICATION-SEASON2,Tokopedia Discount of Rp25K,COUPON,C20260821140001,629,0,0,0,
2026-09-09,30104,9,GAMIFICATION-SEASON2,Blibli Discount of Rp50K,COUPON,C20260821140002,1593,0,0,0,
2026-09-09,30105,9,GAMIFICATION-SEASON2,Balance Rp10.000,CASHBACK,,922,0,0,0,
2026-09-09,30106,9,GAMIFICATION-SEASON2,Balance Rp20.000,CASHBACK,,629,0,0,0,
2026-09-09,30107,9,GAMIFICATION-SEASON2,Balance Rp30.000,CASHBACK,,210,0,0,0,
2026-09-09,30134,9,GAMIFICATION-SEASON2,K-Pop Lightstick,COUPON,C20260909150009,10,0,0,0,
2026-09-09,30135,9,GAMIFICATION-SEASON2,K-Pop Album,COUPON,C20260909150010,10,0,0,0,
2026-09-09,30108,10,GAMIFICATION-SEASON2,Ismaya+ Discount of Rp10K,COUPON,C20260818150009,211,0,0,0,
2026-09-09,30109,10,GAMIFICATION-SEASON2,Ismaya+ Discount of Rp250K,COUPON,C20260813100004,5,0,0,0,
2026-09-09,30110,10,GAMIFICATION-SEASON2,Ismaya+ Discount of Rp150K,COUPON,C20260818150007,7,0,0,0,
2026-09-09,30111,10,GAMIFICATION-SEASON2,Ismaya+ Discount of Rp100K,COUPON,C20260812150001,5,0,0,0,
2026-09-09,30112,10,GAMIFICATION-SEASON2,Ismaya+ Discount of Rp50K,COUPON,C20260812150002,2,0,0,0,
2026-09-09,30113,10,GAMIFICATION-SEASON2,Balance Rp10.000,CASHBACK,,329,0,0,0,
2026-09-09,30114,10,GAMIFICATION-SEASON2,Balance Rp20.000,CASHBACK,,52,0,0,0,
2026-09-09,30115,11,GAMIFICATION-SEASON2,Antavaya Discount of Rp200K,COUPON,C20260818150006,311,0,0,0,
2026-09-09,30116,11,GAMIFICATION-SEASON2,Tokopedia Discount of Rp300K,COUPON,C20260812150004,130,0,0,0,
2026-09-09,30117,11,GAMIFICATION-SEASON2,Blibli Discount of Rp200K,COUPON,C20260818150005,194,0,0,0,
2026-09-09,30118,11,GAMIFICATION-SEASON2,Tokopedia Discount of Rp200K,COUPON,C20260812160003,130,0,0,0,
2026-09-09,30119,11,GAMIFICATION-SEASON2,Tokopedia Discount of Rp100K,COUPON,C20260812160005,130,0,0,0,
2026-09-09,30120,11,GAMIFICATION-SEASON2,Blibli Discount of Rp75K,COUPON,C20260812160006,324,0,0,0,
2026-09-09,30121,11,GAMIFICATION-SEASON2,Balance Rp50.000,CASHBACK,,65,0,0,0,
2026-09-09,30136,11,GAMIFICATION-SEASON2,Trip to South Korea,COUPON,C20260909150006,2,0,0,0,
2026-09-09,30122,12,GAMIFICATION-SEASON2,Tokopedia Discount of Rp300K,COUPON,C20260812160007,153,0,0,0,
2026-09-09,30123,12,GAMIFICATION-SEASON2,Blibli Discount of Rp200K,COUPON,C20260812170001,219,0,0,0,
2026-09-09,30124,12,GAMIFICATION-SEASON2,Balance Rp50.000,CASHBACK,,20,0,0,0,
2026-09-09,30137,12,GAMIFICATION-SEASON2,iPhone Air 17,COUPON,C20260909150007,1,0,0,0,
2026-09-09,30138,12,GAMIFICATION-SEASON2,Airpods 4,COUPON,C20260909150008,4,0,0,0,
2026-09-10,30034,1,GAMIFICATION-SEASON2,Indomaret Discount of Rp5K,COUPON,C20260907100004,25000,38,0,0,
2026-09-10,30035,1,GAMIFICATION-SEASON2,Cinema XXI Discount of Rp5K,COUPON,C20260907090002,25000,45,0,0,
2026-09-10,30036,1,GAMIFICATION-SEASON2,Green SM Discount of Rp5K,COUPON,C20260907100001,25000,41,0,0,
2026-09-10,30037,1,GAMIFICATION-SEASON2,Bluebird Discount of Rp5K,COUPON,C20260907100002,25000,49,0,0,
2026-09-10,30038,1,GAMIFICATION-SEASON2,Tokopedia Discount of Rp5K,COUPON,C20260907100005,25000,72,0,0,
2026-09-10,30039,1,GAMIFICATION-SEASON2,Balance Rp100,CASHBACK,,211809,281,0,0,
2026-09-10,30040,1,GAMIFICATION-SEASON2,Balance Rp500,CASHBACK,,141206,173,0,0,
2026-09-10,30041,1,GAMIFICATION-SEASON2,Balance Rp700,CASHBACK,,70603,80,0,0,
2026-09-10,30042,1,GAMIFICATION-SEASON2,Balance Rp1.000,CASHBACK,,70603,81,0,0,
2026-09-10,30043,2,GAMIFICATION-SEASON2,5 Weverse Jelly,COUPON,C20260818100001,41,8,0,0,
2026-09-10,30044,2,GAMIFICATION-SEASON2,Indomaret Discount of Rp5K,COUPON,C20260907090001,20000,54,0,0,
2026-09-10,30045,2,GAMIFICATION-SEASON2,Tokopedia Discount of Rp5K,COUPON,C20260907100003,25000,52,0,0,
2026-09-10,30046,2,GAMIFICATION-SEASON2,Blibli Discount of Rp5K,COUPON,C20260907100006,25000,105,0,0,
2026-09-10,30047,2,GAMIFICATION-SEASON2,15% Discount in Ismaya+ Merchant,COUPON,C20260827120001,408,5,0,0,
2026-09-10,30048,2,GAMIFICATION-SEASON2,Balance Rp100,CASHBACK,,122404,170,0,0,
2026-09-10,30049,2,GAMIFICATION-SEASON2,Balance Rp500,CASHBACK,,61202,106,0,0,
2026-09-10,30050,2,GAMIFICATION-SEASON2,Balance Rp700,CASHBACK,,61202,83,0,0,
2026-09-10,30051,2,GAMIFICATION-SEASON2,Balance Rp1.000,CASHBACK,,12240,18,0,0,
2026-09-10,30052,3,GAMIFICATION-SEASON2,Transmart Discount of Rp10K,COUPON,C20260812110002,21957,43,0,0,
2026-09-10,30053,3,GAMIFICATION-SEASON2,Metro Discount of Rp10K,COUPON,C20260818100002,10979,20,0,0,
2026-09-10,30054,3,GAMIFICATION-SEASON2,Wendy's Discount of Rp5K,COUPON,C20260818140002,10979,22,0,0,
2026-09-10,30055,3,GAMIFICATION-SEASON2,Baskin Robbins Discount of Rp5K,COUPON,C20260820110001,10979,24,0,0,
2026-09-10,30056,3,GAMIFICATION-SEASON2,The Coffee Bean & Tea Leaf  Discount of Rp5K,COUPON,C20260910100001,10979,21,0,0,
2026-09-10,30057,3,GAMIFICATION-SEASON2,Metro Discount of Rp5K,COUPON,C20260818140005,10979,28,0,0,
2026-09-10,30058,3,GAMIFICATION-SEASON2,Balance Rp100,CASHBACK,,21957,36,0,0,
2026-09-10,30059,3,GAMIFICATION-SEASON2,Balance Rp500,CASHBACK,,43914,92,0,0,
2026-09-10,30060,3,GAMIFICATION-SEASON2,Balance Rp700,CASHBACK,,43914,79,0,0,
2026-09-10,30061,3,GAMIFICATION-SEASON2,Balance Rp1.000,CASHBACK,,32936,45,0,0,
2026-09-10,30062,4,GAMIFICATION-SEASON2,Tokopedia Discount of Rp10K,COUPON,C20260818150001,10713,27,0,0,
2026-09-10,30063,4,GAMIFICATION-SEASON2,Blibli Discount of Rp15K,COUPON,C20260818150002,5357,15,0,0,
2026-09-10,30064,4,GAMIFICATION-SEASON2,Metro Discount of Rp50K,COUPON,C20260818150003,5357,9,0,0,
2026-09-10,30065,4,GAMIFICATION-SEASON2,Metro Discount of Rp15K,COUPON,C20260818150004,10713,26,0,0,
2026-09-10,30066,4,GAMIFICATION-SEASON2,Metro Discount of Rp10K,COUPON,C20260818150008,10713,28,0,0,
2026-09-10,30067,4,GAMIFICATION-SEASON2,Zena Discount of Rp100K,COUPON,C20260827110001,30,2,0,0,
2026-09-10,30068,4,GAMIFICATION-SEASON2,Prime Bag by Zena,COUPON,C20260821160004,6,2,0,0,
2026-09-10,30069,4,GAMIFICATION-SEASON2,Iris Bag by Zena,COUPON,C20260821160005,7,0,0,0,
2026-09-10,30070,4,GAMIFICATION-SEASON2,Balance Rp100,CASHBACK,,12856,18,0,0,
2026-09-10,30071,4,GAMIFICATION-SEASON2,Balance Rp500,CASHBACK,,21426,26,0,0,
2026-09-10,30072,4,GAMIFICATION-SEASON2,Balance Rp700,CASHBACK,,16070,23,0,0,
2026-09-10,30073,4,GAMIFICATION-SEASON2,Balance Rp1.000,CASHBACK,,10713,17,0,0,
2026-09-10,30125,4,GAMIFICATION-SEASON2,JD Sports Discount of Rp100K,COUPON,C20260909140001,346,0,0,0,
2026-09-10,30126,4,GAMIFICATION-SEASON2,JD Sports Discount of Rp50K,COUPON,C20260909140002,346,2,0,0,
2026-09-10,30074,5,GAMIFICATION-SEASON2,Weverse Digital Membership,COUPON,C20260826140001,821,0,0,0,
2026-09-10,30075,5,GAMIFICATION-SEASON2,5 Weverse Jelly,COUPON,C20260826140002,57,4,0,0,
2026-09-10,30076,5,GAMIFICATION-SEASON2,Weverse DM,COUPON,C20260826150001,91,0,0,0,
2026-09-10,30077,5,GAMIFICATION-SEASON2,Balance Rp500,CASHBACK,,13675,5,0,0,
2026-09-10,30078,5,GAMIFICATION-SEASON2,Balance Rp1.000,CASHBACK,,4558,3,0,0,
2026-09-10,30079,5,GAMIFICATION-SEASON2,Balance Rp2.000,CASHBACK,,4558,0,0,0,
2026-09-10,30080,5,GAMIFICATION-SEASON2,Balance Rp5.000,CASHBACK,,2279,0,0,0,
2026-09-10,30081,6,GAMIFICATION-SEASON2,Cinema XXI Discount of Rp75K,COUPON,C20260814170004,2144,0,0,0,
2026-09-10,30082,6,GAMIFICATION-SEASON2,Cinema XXI Discount of Rp50K,COUPON,C20260812160002,4288,0,0,0,
2026-09-10,30083,6,GAMIFICATION-SEASON2,Cinema XXI Discount of Rp20K,COUPON,C20260812160004,5360,0,0,0,
2026-09-10,30084,6,GAMIFICATION-SEASON2,Balance Rp1.000,CASHBACK,,3216,0,0,0,
2026-09-10,30085,6,GAMIFICATION-SEASON2,Balance Rp2.000,CASHBACK,,3216,1,0,0,
2026-09-10,30086,6,GAMIFICATION-SEASON2,Balance Rp3.000,CASHBACK,,3216,0,0,0,
2026-09-10,30087,7,GAMIFICATION-SEASON2,Shopee Discount of Rp500K,COUPON,C20260821150001,6,0,0,0,
2026-09-10,30088,7,GAMIFICATION-SEASON2,Shopee Discount of Rp100K,COUPON,C20260821150003,13,0,0,0,
2026-09-10,30089,7,GAMIFICATION-SEASON2,Shopee Discount of Rp50K,COUPON,C20260821150004,13,0,0,0,
2026-09-10,30090,7,GAMIFICATION-SEASON2,Blibli Discount of Rp50K,COUPON,C20260821160001,13,0,0,0,
2026-09-10,30091,7,GAMIFICATION-SEASON2,Gocar Discount of Rp25K,COUPON,C20260821150005,132,0,0,0,
2026-09-10,30092,7,GAMIFICATION-SEASON2,GoFood Discount of Rp25K,COUPON,C20260821150006,211,0,0,0,
2026-09-10,30093,7,GAMIFICATION-SEASON2,GoFood Discount of Rp50K,COUPON,C20260821150007,132,0,0,0,
2026-09-10,30094,7,GAMIFICATION-SEASON2,GrabFood Discount of Rp50K,COUPON,,13,0,0,0,
2026-09-10,30095,7,GAMIFICATION-SEASON2,Balance Rp1.000,CASHBACK,,395,0,0,0,
2026-09-10,30096,7,GAMIFICATION-SEASON2,Balance Rp2.000,CASHBACK,,2633,0,0,0,
2026-09-10,30097,7,GAMIFICATION-SEASON2,Balance Rp5.000,CASHBACK,,1304,0,0,0,
2026-09-10,30098,8,GAMIFICATION-SEASON2,All Pro Bag by Zena,COUPON,C20260821160006,2,0,0,0,
2026-09-10,30099,8,GAMIFICATION-SEASON2,City Bag by Zena,COUPON,C20260821160007,2,0,0,0,
2026-09-10,30100,8,GAMIFICATION-SEASON2,Aero Bag by Zena,COUPON,C20260821160008,2,0,0,0,
2026-09-10,30101,8,GAMIFICATION-SEASON2,Balance Rp5.000,CASHBACK,,2236,0,0,0,
2026-09-10,30102,8,GAMIFICATION-SEASON2,Balance Rp10.000,CASHBACK,,1491,0,0,0,
2026-09-10,30127,8,GAMIFICATION-SEASON2,Rp100k Court Disc by DOOgether,COUPON,,5,0,0,0,
2026-09-10,30128,8,GAMIFICATION-SEASON2,JD Sports Discount of Rp200K,COUPON,C20260909140003,745,0,0,0,
2026-09-10,30129,8,GAMIFICATION-SEASON2,JD Sports Rp500k,COUPON,C20260909140004,7,0,0,0,
2026-09-10,30130,8,GAMIFICATION-SEASON2,JD Sports 100K Discount,COUPON,C20260909140005,1118,0,0,0,
2026-09-10,30131,8,GAMIFICATION-SEASON2,JD Sports Rp150K Discount,COUPON,C20260909140006,1118,0,0,0,
2026-09-10,30132,8,GAMIFICATION-SEASON2,On Cloudtilt Shoes (JD Sports),COUPON,C20260909150005,1,0,0,0,
2026-09-10,30133,8,GAMIFICATION-SEASON2,1 Session in Strong Pilates,COUPON,,0,0,0,0,
2026-09-10,30103,9,GAMIFICATION-SEASON2,Tokopedia Discount of Rp25K,COUPON,C20260821140001,629,0,0,0,
2026-09-10,30104,9,GAMIFICATION-SEASON2,Blibli Discount of Rp50K,COUPON,C20260821140002,1593,0,0,0,
2026-09-10,30105,9,GAMIFICATION-SEASON2,Balance Rp10.000,CASHBACK,,922,0,0,0,
2026-09-10,30106,9,GAMIFICATION-SEASON2,Balance Rp20.000,CASHBACK,,629,0,0,0,
2026-09-10,30107,9,GAMIFICATION-SEASON2,Balance Rp30.000,CASHBACK,,210,0,0,0,
2026-09-10,30134,9,GAMIFICATION-SEASON2,K-Pop Lightstick,COUPON,C20260909150009,10,0,0,0,
2026-09-10,30135,9,GAMIFICATION-SEASON2,K-Pop Album,COUPON,C20260909150010,10,0,0,0,
2026-09-10,30108,10,GAMIFICATION-SEASON2,Ismaya+ Discount of Rp10K,COUPON,C20260818150009,211,0,0,0,
2026-09-10,30109,10,GAMIFICATION-SEASON2,Ismaya+ Discount of Rp250K,COUPON,C20260813100004,5,0,0,0,
2026-09-10,30110,10,GAMIFICATION-SEASON2,Ismaya+ Discount of Rp150K,COUPON,C20260818150007,7,0,0,0,
2026-09-10,30111,10,GAMIFICATION-SEASON2,Ismaya+ Discount of Rp100K,COUPON,C20260812150001,5,0,0,0,
2026-09-10,30112,10,GAMIFICATION-SEASON2,Ismaya+ Discount of Rp50K,COUPON,C20260812150002,2,0,0,0,
2026-09-10,30113,10,GAMIFICATION-SEASON2,Balance Rp10.000,CASHBACK,,329,0,0,0,
2026-09-10,30114,10,GAMIFICATION-SEASON2,Balance Rp20.000,CASHBACK,,52,0,0,0,
2026-09-10,30115,11,GAMIFICATION-SEASON2,Antavaya Discount of Rp200K,COUPON,C20260818150006,311,0,0,0,
2026-09-10,30116,11,GAMIFICATION-SEASON2,Tokopedia Discount of Rp300K,COUPON,C20260812150004,130,0,0,0,
2026-09-10,30117,11,GAMIFICATION-SEASON2,Blibli Discount of Rp200K,COUPON,C20260818150005,194,0,0,0,
2026-09-10,30118,11,GAMIFICATION-SEASON2,Tokopedia Discount of Rp200K,COUPON,C20260812160003,130,0,0,0,
2026-09-10,30119,11,GAMIFICATION-SEASON2,Tokopedia Discount of Rp100K,COUPON,C20260812160005,130,0,0,0,
2026-09-10,30120,11,GAMIFICATION-SEASON2,Blibli Discount of Rp75K,COUPON,C20260812160006,324,0,0,0,
2026-09-10,30121,11,GAMIFICATION-SEASON2,Balance Rp50.000,CASHBACK,,65,0,0,0,
2026-09-10,30136,11,GAMIFICATION-SEASON2,Trip to South Korea,COUPON,C20260909150006,2,0,0,0,
2026-09-10,30122,12,GAMIFICATION-SEASON2,Tokopedia Discount of Rp300K,COUPON,C20260812160007,153,0,0,0,
2026-09-10,30123,12,GAMIFICATION-SEASON2,Blibli Discount of Rp200K,COUPON,C20260812170001,219,0,0,0,
2026-09-10,30124,12,GAMIFICATION-SEASON2,Balance Rp50.000,CASHBACK,,20,0,0,0,
2026-09-10,30137,12,GAMIFICATION-SEASON2,iPhone Air 17,COUPON,C20260909150007,1,0,0,0,
2026-09-10,30138,12,GAMIFICATION-SEASON2,Airpods 4,COUPON,C20260909150008,4,0,0,0,
2026-09-11,30034,1,GAMIFICATION-SEASON2,Indomaret Discount of Rp5K,COUPON,C20260907100004,25000,38,0,0,
2026-09-11,30035,1,GAMIFICATION-SEASON2,Cinema XXI Discount of Rp5K,COUPON,C20260907090002,25000,45,0,0,
2026-09-11,30036,1,GAMIFICATION-SEASON2,Green SM Discount of Rp5K,COUPON,C20260907100001,25000,41,0,0,
2026-09-11,30037,1,GAMIFICATION-SEASON2,Bluebird Discount of Rp5K,COUPON,C20260907100002,25000,49,0,0,
2026-09-11,30038,1,GAMIFICATION-SEASON2,Tokopedia Discount of Rp5K,COUPON,C20260907100005,25000,72,0,0,
2026-09-11,30039,1,GAMIFICATION-SEASON2,Balance Rp100,CASHBACK,,211809,281,0,0,
2026-09-11,30040,1,GAMIFICATION-SEASON2,Balance Rp500,CASHBACK,,141206,173,0,0,
2026-09-11,30041,1,GAMIFICATION-SEASON2,Balance Rp700,CASHBACK,,70603,80,0,0,
2026-09-11,30042,1,GAMIFICATION-SEASON2,Balance Rp1.000,CASHBACK,,70603,81,0,0,
2026-09-11,30043,2,GAMIFICATION-SEASON2,5 Weverse Jelly,COUPON,C20260818100001,41,8,0,0,
2026-09-11,30044,2,GAMIFICATION-SEASON2,Indomaret Discount of Rp5K,COUPON,C20260907090001,20000,54,0,0,
2026-09-11,30045,2,GAMIFICATION-SEASON2,Tokopedia Discount of Rp5K,COUPON,C20260907100003,25000,52,0,0,
2026-09-11,30046,2,GAMIFICATION-SEASON2,Blibli Discount of Rp5K,COUPON,C20260907100006,25000,105,0,0,
2026-09-11,30047,2,GAMIFICATION-SEASON2,15% Discount in Ismaya+ Merchant,COUPON,C20260827120001,408,5,0,0,
2026-09-11,30048,2,GAMIFICATION-SEASON2,Balance Rp100,CASHBACK,,122404,170,0,0,
2026-09-11,30049,2,GAMIFICATION-SEASON2,Balance Rp500,CASHBACK,,61202,106,0,0,
2026-09-11,30050,2,GAMIFICATION-SEASON2,Balance Rp700,CASHBACK,,61202,83,0,0,
2026-09-11,30051,2,GAMIFICATION-SEASON2,Balance Rp1.000,CASHBACK,,12240,18,0,0,
2026-09-11,30052,3,GAMIFICATION-SEASON2,Transmart Discount of Rp10K,COUPON,C20260812110002,21957,43,0,0,
2026-09-11,30053,3,GAMIFICATION-SEASON2,Metro Discount of Rp10K,COUPON,C20260818100002,10979,20,0,0,
2026-09-11,30054,3,GAMIFICATION-SEASON2,Wendy's Discount of Rp5K,COUPON,C20260818140002,10979,22,0,0,
2026-09-11,30055,3,GAMIFICATION-SEASON2,Baskin Robbins Discount of Rp5K,COUPON,C20260820110001,10979,24,0,0,
2026-09-11,30056,3,GAMIFICATION-SEASON2,The Coffee Bean & Tea Leaf  Discount of Rp5K,COUPON,C20260910100001,10979,21,0,0,
2026-09-11,30057,3,GAMIFICATION-SEASON2,Metro Discount of Rp5K,COUPON,C20260818140005,10979,28,0,0,
2026-09-11,30058,3,GAMIFICATION-SEASON2,Balance Rp100,CASHBACK,,21957,36,0,0,
2026-09-11,30059,3,GAMIFICATION-SEASON2,Balance Rp500,CASHBACK,,43914,92,0,0,
2026-09-11,30060,3,GAMIFICATION-SEASON2,Balance Rp700,CASHBACK,,43914,79,0,0,
2026-09-11,30061,3,GAMIFICATION-SEASON2,Balance Rp1.000,CASHBACK,,32936,45,0,0,
2026-09-11,30062,4,GAMIFICATION-SEASON2,Tokopedia Discount of Rp10K,COUPON,C20260818150001,10713,27,0,0,
2026-09-11,30063,4,GAMIFICATION-SEASON2,Blibli Discount of Rp15K,COUPON,C20260818150002,5357,15,0,0,
2026-09-11,30064,4,GAMIFICATION-SEASON2,Metro Discount of Rp50K,COUPON,C20260818150003,5357,9,0,0,
2026-09-11,30065,4,GAMIFICATION-SEASON2,Metro Discount of Rp15K,COUPON,C20260818150004,10713,26,0,0,
2026-09-11,30066,4,GAMIFICATION-SEASON2,Metro Discount of Rp10K,COUPON,C20260818150008,10713,28,0,0,
2026-09-11,30067,4,GAMIFICATION-SEASON2,Zena Discount of Rp100K,COUPON,C20260827110001,30,2,0,0,
2026-09-11,30068,4,GAMIFICATION-SEASON2,Prime Bag by Zena,COUPON,C20260821160004,6,2,0,0,
2026-09-11,30069,4,GAMIFICATION-SEASON2,Iris Bag by Zena,COUPON,C20260821160005,7,0,0,0,
2026-09-11,30070,4,GAMIFICATION-SEASON2,Balance Rp100,CASHBACK,,12856,18,0,0,
2026-09-11,30071,4,GAMIFICATION-SEASON2,Balance Rp500,CASHBACK,,21426,26,0,0,
2026-09-11,30072,4,GAMIFICATION-SEASON2,Balance Rp700,CASHBACK,,16070,23,0,0,
2026-09-11,30073,4,GAMIFICATION-SEASON2,Balance Rp1.000,CASHBACK,,10713,17,0,0,
2026-09-11,30125,4,GAMIFICATION-SEASON2,JD Sports Discount of Rp100K,COUPON,C20260909140001,346,0,0,0,
2026-09-11,30126,4,GAMIFICATION-SEASON2,JD Sports Discount of Rp50K,COUPON,C20260909140002,346,2,0,0,
2026-09-11,30074,5,GAMIFICATION-SEASON2,Weverse Digital Membership,COUPON,C20260826140001,821,0,0,0,
2026-09-11,30075,5,GAMIFICATION-SEASON2,5 Weverse Jelly,COUPON,C20260826140002,57,4,0,0,
2026-09-11,30076,5,GAMIFICATION-SEASON2,Weverse DM,COUPON,C20260826150001,91,0,0,0,
2026-09-11,30077,5,GAMIFICATION-SEASON2,Balance Rp500,CASHBACK,,13675,5,0,0,
2026-09-11,30078,5,GAMIFICATION-SEASON2,Balance Rp1.000,CASHBACK,,4558,3,0,0,
2026-09-11,30079,5,GAMIFICATION-SEASON2,Balance Rp2.000,CASHBACK,,4558,0,0,0,
2026-09-11,30080,5,GAMIFICATION-SEASON2,Balance Rp5.000,CASHBACK,,2279,0,0,0,
2026-09-11,30081,6,GAMIFICATION-SEASON2,Cinema XXI Discount of Rp75K,COUPON,C20260814170004,2144,0,0,0,
2026-09-11,30082,6,GAMIFICATION-SEASON2,Cinema XXI Discount of Rp50K,COUPON,C20260812160002,4288,0,0,0,
2026-09-11,30083,6,GAMIFICATION-SEASON2,Cinema XXI Discount of Rp20K,COUPON,C20260812160004,5360,0,0,0,
2026-09-11,30084,6,GAMIFICATION-SEASON2,Balance Rp1.000,CASHBACK,,3216,0,0,0,
2026-09-11,30085,6,GAMIFICATION-SEASON2,Balance Rp2.000,CASHBACK,,3216,1,0,0,
2026-09-11,30086,6,GAMIFICATION-SEASON2,Balance Rp3.000,CASHBACK,,3216,0,0,0,
2026-09-11,30087,7,GAMIFICATION-SEASON2,Shopee Discount of Rp500K,COUPON,C20260821150001,6,0,0,0,
2026-09-11,30088,7,GAMIFICATION-SEASON2,Shopee Discount of Rp100K,COUPON,C20260821150003,13,0,0,0,
2026-09-11,30089,7,GAMIFICATION-SEASON2,Shopee Discount of Rp50K,COUPON,C20260821150004,13,0,0,0,
2026-09-11,30090,7,GAMIFICATION-SEASON2,Blibli Discount of Rp50K,COUPON,C20260821160001,13,0,0,0,
2026-09-11,30091,7,GAMIFICATION-SEASON2,Gocar Discount of Rp25K,COUPON,C20260821150005,132,0,0,0,
2026-09-11,30092,7,GAMIFICATION-SEASON2,GoFood Discount of Rp25K,COUPON,C20260821150006,211,0,0,0,
2026-09-11,30093,7,GAMIFICATION-SEASON2,GoFood Discount of Rp50K,COUPON,C20260821150007,132,0,0,0,
2026-09-11,30094,7,GAMIFICATION-SEASON2,GrabFood Discount of Rp50K,COUPON,,13,0,0,0,
2026-09-11,30095,7,GAMIFICATION-SEASON2,Balance Rp1.000,CASHBACK,,395,0,0,0,
2026-09-11,30096,7,GAMIFICATION-SEASON2,Balance Rp2.000,CASHBACK,,2633,0,0,0,
2026-09-11,30097,7,GAMIFICATION-SEASON2,Balance Rp5.000,CASHBACK,,1304,0,0,0,
2026-09-11,30098,8,GAMIFICATION-SEASON2,All Pro Bag by Zena,COUPON,C20260821160006,2,0,0,0,
2026-09-11,30099,8,GAMIFICATION-SEASON2,City Bag by Zena,COUPON,C20260821160007,2,0,0,0,
2026-09-11,30100,8,GAMIFICATION-SEASON2,Aero Bag by Zena,COUPON,C20260821160008,2,0,0,0,
2026-09-11,30101,8,GAMIFICATION-SEASON2,Balance Rp5.000,CASHBACK,,2236,0,0,0,
2026-09-11,30102,8,GAMIFICATION-SEASON2,Balance Rp10.000,CASHBACK,,1491,0,0,0,
2026-09-11,30127,8,GAMIFICATION-SEASON2,Rp100k Court Disc by DOOgether,COUPON,,5,0,0,0,
2026-09-11,30128,8,GAMIFICATION-SEASON2,JD Sports Discount of Rp200K,COUPON,C20260909140003,745,0,0,0,
2026-09-11,30129,8,GAMIFICATION-SEASON2,JD Sports Rp500k,COUPON,C20260909140004,7,0,0,0,
2026-09-11,30130,8,GAMIFICATION-SEASON2,JD Sports 100K Discount,COUPON,C20260909140005,1118,0,0,0,
2026-09-11,30131,8,GAMIFICATION-SEASON2,JD Sports Rp150K Discount,COUPON,C20260909140006,1118,0,0,0,
2026-09-11,30132,8,GAMIFICATION-SEASON2,On Cloudtilt Shoes (JD Sports),COUPON,C20260909150005,1,0,0,0,
2026-09-11,30133,8,GAMIFICATION-SEASON2,1 Session in Strong Pilates,COUPON,,0,0,0,0,
2026-09-11,30103,9,GAMIFICATION-SEASON2,Tokopedia Discount of Rp25K,COUPON,C20260821140001,629,0,0,0,
2026-09-11,30104,9,GAMIFICATION-SEASON2,Blibli Discount of Rp50K,COUPON,C20260821140002,1593,0,0,0,
2026-09-11,30105,9,GAMIFICATION-SEASON2,Balance Rp10.000,CASHBACK,,922,0,0,0,
2026-09-11,30106,9,GAMIFICATION-SEASON2,Balance Rp20.000,CASHBACK,,629,0,0,0,
2026-09-11,30107,9,GAMIFICATION-SEASON2,Balance Rp30.000,CASHBACK,,210,0,0,0,
2026-09-11,30134,9,GAMIFICATION-SEASON2,K-Pop Lightstick,COUPON,C20260909150009,10,0,0,0,
2026-09-11,30135,9,GAMIFICATION-SEASON2,K-Pop Album,COUPON,C20260909150010,10,0,0,0,
2026-09-11,30108,10,GAMIFICATION-SEASON2,Ismaya+ Discount of Rp10K,COUPON,C20260818150009,211,0,0,0,
2026-09-11,30109,10,GAMIFICATION-SEASON2,Ismaya+ Discount of Rp250K,COUPON,C20260813100004,5,0,0,0,
2026-09-11,30110,10,GAMIFICATION-SEASON2,Ismaya+ Discount of Rp150K,COUPON,C20260818150007,7,0,0,0,
2026-09-11,30111,10,GAMIFICATION-SEASON2,Ismaya+ Discount of Rp100K,COUPON,C20260812150001,5,0,0,0,
2026-09-11,30112,10,GAMIFICATION-SEASON2,Ismaya+ Discount of Rp50K,COUPON,C20260812150002,2,0,0,0,
2026-09-11,30113,10,GAMIFICATION-SEASON2,Balance Rp10.000,CASHBACK,,329,0,0,0,
2026-09-11,30114,10,GAMIFICATION-SEASON2,Balance Rp20.000,CASHBACK,,52,0,0,0,
2026-09-11,30115,11,GAMIFICATION-SEASON2,Antavaya Discount of Rp200K,COUPON,C20260818150006,311,0,0,0,
2026-09-11,30116,11,GAMIFICATION-SEASON2,Tokopedia Discount of Rp300K,COUPON,C20260812150004,130,0,0,0,
2026-09-11,30117,11,GAMIFICATION-SEASON2,Blibli Discount of Rp200K,COUPON,C20260818150005,194,0,0,0,
2026-09-11,30118,11,GAMIFICATION-SEASON2,Tokopedia Discount of Rp200K,COUPON,C20260812160003,130,0,0,0,
2026-09-11,30119,11,GAMIFICATION-SEASON2,Tokopedia Discount of Rp100K,COUPON,C20260812160005,130,0,0,0,
2026-09-11,30120,11,GAMIFICATION-SEASON2,Blibli Discount of Rp75K,COUPON,C20260812160006,324,0,0,0,
2026-09-11,30121,11,GAMIFICATION-SEASON2,Balance Rp50.000,CASHBACK,,65,0,0,0,
2026-09-11,30136,11,GAMIFICATION-SEASON2,Trip to South Korea,COUPON,C20260909150006,2,0,0,0,
2026-09-11,30122,12,GAMIFICATION-SEASON2,Tokopedia Discount of Rp300K,COUPON,C20260812160007,153,0,0,0,
2026-09-11,30123,12,GAMIFICATION-SEASON2,Blibli Discount of Rp200K,COUPON,C20260812170001,219,0,0,0,
2026-09-11,30124,12,GAMIFICATION-SEASON2,Balance Rp50.000,CASHBACK,,20,0,0,0,
2026-09-11,30137,12,GAMIFICATION-SEASON2,iPhone Air 17,COUPON,C20260909150007,1,0,0,0,
2026-09-11,30138,12,GAMIFICATION-SEASON2,Airpods 4,COUPON,C20260909150008,4,0,0,0,
2026-09-12,30034,1,GAMIFICATION-SEASON2,Indomaret Discount of Rp5K,COUPON,C20260907100004,25000,38,0,0,
2026-09-12,30035,1,GAMIFICATION-SEASON2,Cinema XXI Discount of Rp5K,COUPON,C20260907090002,25000,45,0,0,
2026-09-12,30036,1,GAMIFICATION-SEASON2,Green SM Discount of Rp5K,COUPON,C20260907100001,25000,41,0,0,
2026-09-12,30037,1,GAMIFICATION-SEASON2,Bluebird Discount of Rp5K,COUPON,C20260907100002,25000,49,0,0,
2026-09-12,30038,1,GAMIFICATION-SEASON2,Tokopedia Discount of Rp5K,COUPON,C20260907100005,25000,72,0,0,
2026-09-12,30039,1,GAMIFICATION-SEASON2,Balance Rp100,CASHBACK,,211809,281,0,0,
2026-09-12,30040,1,GAMIFICATION-SEASON2,Balance Rp500,CASHBACK,,141206,173,1,1,500.00
2026-09-12,30041,1,GAMIFICATION-SEASON2,Balance Rp700,CASHBACK,,70603,80,1,1,700.00
2026-09-12,30042,1,GAMIFICATION-SEASON2,Balance Rp1.000,CASHBACK,,70603,81,0,0,
2026-09-12,30043,2,GAMIFICATION-SEASON2,5 Weverse Jelly,COUPON,C20260818100001,41,8,0,0,
2026-09-12,30044,2,GAMIFICATION-SEASON2,Indomaret Discount of Rp5K,COUPON,C20260907090001,20000,54,0,0,
2026-09-12,30045,2,GAMIFICATION-SEASON2,Tokopedia Discount of Rp5K,COUPON,C20260907100003,25000,52,0,0,
2026-09-12,30046,2,GAMIFICATION-SEASON2,Blibli Discount of Rp5K,COUPON,C20260907100006,25000,105,0,0,
2026-09-12,30047,2,GAMIFICATION-SEASON2,15% Discount in Ismaya+ Merchant,COUPON,C20260827120001,408,5,0,0,
2026-09-12,30048,2,GAMIFICATION-SEASON2,Balance Rp100,CASHBACK,,122404,170,1,1,100.00
2026-09-12,30049,2,GAMIFICATION-SEASON2,Balance Rp500,CASHBACK,,61202,106,0,0,
2026-09-12,30050,2,GAMIFICATION-SEASON2,Balance Rp700,CASHBACK,,61202,83,0,0,
2026-09-12,30051,2,GAMIFICATION-SEASON2,Balance Rp1.000,CASHBACK,,12240,18,0,0,
2026-09-12,30052,3,GAMIFICATION-SEASON2,Transmart Discount of Rp10K,COUPON,C20260812110002,21957,43,0,0,
2026-09-12,30053,3,GAMIFICATION-SEASON2,Metro Discount of Rp10K,COUPON,C20260818100002,10979,20,0,0,
2026-09-12,30054,3,GAMIFICATION-SEASON2,Wendy's Discount of Rp5K,COUPON,C20260818140002,10979,22,0,0,
2026-09-12,30055,3,GAMIFICATION-SEASON2,Baskin Robbins Discount of Rp5K,COUPON,C20260820110001,10979,24,0,0,
2026-09-12,30056,3,GAMIFICATION-SEASON2,The Coffee Bean & Tea Leaf  Discount of Rp5K,COUPON,C20260910100001,10979,21,0,0,
2026-09-12,30057,3,GAMIFICATION-SEASON2,Metro Discount of Rp5K,COUPON,C20260818140005,10979,28,0,0,
2026-09-12,30058,3,GAMIFICATION-SEASON2,Balance Rp100,CASHBACK,,21957,36,0,0,
2026-09-12,30059,3,GAMIFICATION-SEASON2,Balance Rp500,CASHBACK,,43914,92,0,0,
2026-09-12,30060,3,GAMIFICATION-SEASON2,Balance Rp700,CASHBACK,,43914,79,1,1,700.00
2026-09-12,30061,3,GAMIFICATION-SEASON2,Balance Rp1.000,CASHBACK,,32936,45,0,0,
2026-09-12,30062,4,GAMIFICATION-SEASON2,Tokopedia Discount of Rp10K,COUPON,C20260818150001,10713,27,0,0,
2026-09-12,30063,4,GAMIFICATION-SEASON2,Blibli Discount of Rp15K,COUPON,C20260818150002,5357,15,0,0,
2026-09-12,30064,4,GAMIFICATION-SEASON2,Metro Discount of Rp50K,COUPON,C20260818150003,5357,9,0,0,
2026-09-12,30065,4,GAMIFICATION-SEASON2,Metro Discount of Rp15K,COUPON,C20260818150004,10713,26,0,0,
2026-09-12,30066,4,GAMIFICATION-SEASON2,Metro Discount of Rp10K,COUPON,C20260818150008,10713,28,0,0,
2026-09-12,30067,4,GAMIFICATION-SEASON2,Zena Discount of Rp100K,COUPON,C20260827110001,30,2,0,0,
2026-09-12,30068,4,GAMIFICATION-SEASON2,Prime Bag by Zena,COUPON,C20260821160004,6,2,0,0,
2026-09-12,30069,4,GAMIFICATION-SEASON2,Iris Bag by Zena,COUPON,C20260821160005,7,0,0,0,
2026-09-12,30070,4,GAMIFICATION-SEASON2,Balance Rp100,CASHBACK,,12856,18,0,0,
2026-09-12,30071,4,GAMIFICATION-SEASON2,Balance Rp500,CASHBACK,,21426,26,0,0,
2026-09-12,30072,4,GAMIFICATION-SEASON2,Balance Rp700,CASHBACK,,16070,23,0,0,
2026-09-12,30073,4,GAMIFICATION-SEASON2,Balance Rp1.000,CASHBACK,,10713,17,0,0,
2026-09-12,30125,4,GAMIFICATION-SEASON2,JD Sports Discount of Rp100K,COUPON,C20260909140001,346,0,0,0,
2026-09-12,30126,4,GAMIFICATION-SEASON2,JD Sports Discount of Rp50K,COUPON,C20260909140002,346,2,0,0,
2026-09-12,30074,5,GAMIFICATION-SEASON2,Weverse Digital Membership,COUPON,C20260826140001,821,0,0,0,
2026-09-12,30075,5,GAMIFICATION-SEASON2,5 Weverse Jelly,COUPON,C20260826140002,57,4,0,0,
2026-09-12,30076,5,GAMIFICATION-SEASON2,Weverse DM,COUPON,C20260826150001,91,0,0,0,
2026-09-12,30077,5,GAMIFICATION-SEASON2,Balance Rp500,CASHBACK,,13675,5,0,0,
2026-09-12,30078,5,GAMIFICATION-SEASON2,Balance Rp1.000,CASHBACK,,4558,3,0,0,
2026-09-12,30079,5,GAMIFICATION-SEASON2,Balance Rp2.000,CASHBACK,,4558,0,0,0,
2026-09-12,30080,5,GAMIFICATION-SEASON2,Balance Rp5.000,CASHBACK,,2279,0,0,0,
2026-09-12,30081,6,GAMIFICATION-SEASON2,Cinema XXI Discount of Rp75K,COUPON,C20260814170004,2144,0,0,0,
2026-09-12,30082,6,GAMIFICATION-SEASON2,Cinema XXI Discount of Rp50K,COUPON,C20260812160002,4288,0,0,0,
2026-09-12,30083,6,GAMIFICATION-SEASON2,Cinema XXI Discount of Rp20K,COUPON,C20260812160004,5360,0,0,0,
2026-09-12,30084,6,GAMIFICATION-SEASON2,Balance Rp1.000,CASHBACK,,3216,0,0,0,
2026-09-12,30085,6,GAMIFICATION-SEASON2,Balance Rp2.000,CASHBACK,,3216,1,0,0,
2026-09-12,30086,6,GAMIFICATION-SEASON2,Balance Rp3.000,CASHBACK,,3216,0,0,0,
2026-09-12,30087,7,GAMIFICATION-SEASON2,Shopee Discount of Rp500K,COUPON,C20260821150001,6,0,0,0,
2026-09-12,30088,7,GAMIFICATION-SEASON2,Shopee Discount of Rp100K,COUPON,C20260821150003,13,0,0,0,
2026-09-12,30089,7,GAMIFICATION-SEASON2,Shopee Discount of Rp50K,COUPON,C20260821150004,13,0,0,0,
2026-09-12,30090,7,GAMIFICATION-SEASON2,Blibli Discount of Rp50K,COUPON,C20260821160001,13,0,0,0,
2026-09-12,30091,7,GAMIFICATION-SEASON2,Gocar Discount of Rp25K,COUPON,C20260821150005,132,0,0,0,
2026-09-12,30092,7,GAMIFICATION-SEASON2,GoFood Discount of Rp25K,COUPON,C20260821150006,211,0,0,0,
2026-09-12,30093,7,GAMIFICATION-SEASON2,GoFood Discount of Rp50K,COUPON,C20260821150007,132,0,0,0,
2026-09-12,30094,7,GAMIFICATION-SEASON2,GrabFood Discount of Rp50K,COUPON,,13,0,0,0,
2026-09-12,30095,7,GAMIFICATION-SEASON2,Balance Rp1.000,CASHBACK,,395,0,0,0,
2026-09-12,30096,7,GAMIFICATION-SEASON2,Balance Rp2.000,CASHBACK,,2633,0,0,0,
2026-09-12,30097,7,GAMIFICATION-SEASON2,Balance Rp5.000,CASHBACK,,1304,0,0,0,
2026-09-12,30098,8,GAMIFICATION-SEASON2,All Pro Bag by Zena,COUPON,C20260821160006,2,0,0,0,
2026-09-12,30099,8,GAMIFICATION-SEASON2,City Bag by Zena,COUPON,C20260821160007,2,0,0,0,
2026-09-12,30100,8,GAMIFICATION-SEASON2,Aero Bag by Zena,COUPON,C20260821160008,2,0,0,0,
2026-09-12,30101,8,GAMIFICATION-SEASON2,Balance Rp5.000,CASHBACK,,2236,0,0,0,
2026-09-12,30102,8,GAMIFICATION-SEASON2,Balance Rp10.000,CASHBACK,,1491,0,0,0,
2026-09-12,30127,8,GAMIFICATION-SEASON2,Rp100k Court Disc by DOOgether,COUPON,,5,0,0,0,
2026-09-12,30128,8,GAMIFICATION-SEASON2,JD Sports Discount of Rp200K,COUPON,C20260909140003,745,0,0,0,
2026-09-12,30129,8,GAMIFICATION-SEASON2,JD Sports Rp500k,COUPON,C20260909140004,7,0,0,0,
2026-09-12,30130,8,GAMIFICATION-SEASON2,JD Sports 100K Discount,COUPON,C20260909140005,1118,0,0,0,
2026-09-12,30131,8,GAMIFICATION-SEASON2,JD Sports Rp150K Discount,COUPON,C20260909140006,1118,0,0,0,
2026-09-12,30132,8,GAMIFICATION-SEASON2,On Cloudtilt Shoes (JD Sports),COUPON,C20260909150005,1,0,0,0,
2026-09-12,30133,8,GAMIFICATION-SEASON2,1 Session in Strong Pilates,COUPON,,0,0,0,0,
2026-09-12,30103,9,GAMIFICATION-SEASON2,Tokopedia Discount of Rp25K,COUPON,C20260821140001,629,0,0,0,
2026-09-12,30104,9,GAMIFICATION-SEASON2,Blibli Discount of Rp50K,COUPON,C20260821140002,1593,0,0,0,
2026-09-12,30105,9,GAMIFICATION-SEASON2,Balance Rp10.000,CASHBACK,,922,0,0,0,
2026-09-12,30106,9,GAMIFICATION-SEASON2,Balance Rp20.000,CASHBACK,,629,0,0,0,
2026-09-12,30107,9,GAMIFICATION-SEASON2,Balance Rp30.000,CASHBACK,,210,0,0,0,
2026-09-12,30134,9,GAMIFICATION-SEASON2,K-Pop Lightstick,COUPON,C20260909150009,10,0,0,0,
2026-09-12,30135,9,GAMIFICATION-SEASON2,K-Pop Album,COUPON,C20260909150010,10,0,0,0,
2026-09-12,30108,10,GAMIFICATION-SEASON2,Ismaya+ Discount of Rp10K,COUPON,C20260818150009,211,0,0,0,
2026-09-12,30109,10,GAMIFICATION-SEASON2,Ismaya+ Discount of Rp250K,COUPON,C20260813100004,5,0,0,0,
2026-09-12,30110,10,GAMIFICATION-SEASON2,Ismaya+ Discount of Rp150K,COUPON,C20260818150007,7,0,0,0,
2026-09-12,30111,10,GAMIFICATION-SEASON2,Ismaya+ Discount of Rp100K,COUPON,C20260812150001,5,0,0,0,
2026-09-12,30112,10,GAMIFICATION-SEASON2,Ismaya+ Discount of Rp50K,COUPON,C20260812150002,2,0,0,0,
2026-09-12,30113,10,GAMIFICATION-SEASON2,Balance Rp10.000,CASHBACK,,329,0,0,0,
2026-09-12,30114,10,GAMIFICATION-SEASON2,Balance Rp20.000,CASHBACK,,52,0,0,0,
2026-09-12,30115,11,GAMIFICATION-SEASON2,Antavaya Discount of Rp200K,COUPON,C20260818150006,311,0,0,0,
2026-09-12,30116,11,GAMIFICATION-SEASON2,Tokopedia Discount of Rp300K,COUPON,C20260812150004,130,0,0,0,
2026-09-12,30117,11,GAMIFICATION-SEASON2,Blibli Discount of Rp200K,COUPON,C20260818150005,194,0,0,0,
2026-09-12,30118,11,GAMIFICATION-SEASON2,Tokopedia Discount of Rp200K,COUPON,C20260812160003,130,0,0,0,
2026-09-12,30119,11,GAMIFICATION-SEASON2,Tokopedia Discount of Rp100K,COUPON,C20260812160005,130,0,0,0,
2026-09-12,30120,11,GAMIFICATION-SEASON2,Blibli Discount of Rp75K,COUPON,C20260812160006,324,0,0,0,
2026-09-12,30121,11,GAMIFICATION-SEASON2,Balance Rp50.000,CASHBACK,,65,0,0,0,
2026-09-12,30136,11,GAMIFICATION-SEASON2,Trip to South Korea,COUPON,C20260909150006,2,0,0,0,
2026-09-12,30122,12,GAMIFICATION-SEASON2,Tokopedia Discount of Rp300K,COUPON,C20260812160007,153,0,0,0,
2026-09-12,30123,12,GAMIFICATION-SEASON2,Blibli Discount of Rp200K,COUPON,C20260812170001,219,0,0,0,
2026-09-12,30124,12,GAMIFICATION-SEASON2,Balance Rp50.000,CASHBACK,,20,0,0,0,
2026-09-12,30137,12,GAMIFICATION-SEASON2,iPhone Air 17,COUPON,C20260909150007,1,0,0,0,
2026-09-12,30138,12,GAMIFICATION-SEASON2,Airpods 4,COUPON,C20260909150008,4,0,0,0,
2026-09-13,30034,1,GAMIFICATION-SEASON2,Indomaret Discount of Rp5K,COUPON,C20260907100004,25000,38,0,0,
2026-09-13,30035,1,GAMIFICATION-SEASON2,Cinema XXI Discount of Rp5K,COUPON,C20260907090002,25000,45,0,0,
2026-09-13,30036,1,GAMIFICATION-SEASON2,Green SM Discount of Rp5K,COUPON,C20260907100001,25000,41,0,0,
2026-09-13,30037,1,GAMIFICATION-SEASON2,Bluebird Discount of Rp5K,COUPON,C20260907100002,25000,49,0,0,
2026-09-13,30038,1,GAMIFICATION-SEASON2,Tokopedia Discount of Rp5K,COUPON,C20260907100005,25000,72,0,0,
2026-09-13,30039,1,GAMIFICATION-SEASON2,Balance Rp100,CASHBACK,,211809,281,0,0,
2026-09-13,30040,1,GAMIFICATION-SEASON2,Balance Rp500,CASHBACK,,141206,173,0,0,
2026-09-13,30041,1,GAMIFICATION-SEASON2,Balance Rp700,CASHBACK,,70603,80,0,0,
2026-09-13,30042,1,GAMIFICATION-SEASON2,Balance Rp1.000,CASHBACK,,70603,81,0,0,
2026-09-13,30043,2,GAMIFICATION-SEASON2,5 Weverse Jelly,COUPON,C20260818100001,41,8,0,0,
2026-09-13,30044,2,GAMIFICATION-SEASON2,Indomaret Discount of Rp5K,COUPON,C20260907090001,20000,54,0,0,
2026-09-13,30045,2,GAMIFICATION-SEASON2,Tokopedia Discount of Rp5K,COUPON,C20260907100003,25000,52,0,0,
2026-09-13,30046,2,GAMIFICATION-SEASON2,Blibli Discount of Rp5K,COUPON,C20260907100006,25000,105,0,0,
2026-09-13,30047,2,GAMIFICATION-SEASON2,15% Discount in Ismaya+ Merchant,COUPON,C20260827120001,408,5,0,0,
2026-09-13,30048,2,GAMIFICATION-SEASON2,Balance Rp100,CASHBACK,,122404,170,0,0,
2026-09-13,30049,2,GAMIFICATION-SEASON2,Balance Rp500,CASHBACK,,61202,106,0,0,
2026-09-13,30050,2,GAMIFICATION-SEASON2,Balance Rp700,CASHBACK,,61202,83,0,0,
2026-09-13,30051,2,GAMIFICATION-SEASON2,Balance Rp1.000,CASHBACK,,12240,18,0,0,
2026-09-13,30052,3,GAMIFICATION-SEASON2,Transmart Discount of Rp10K,COUPON,C20260812110002,21957,43,0,0,
2026-09-13,30053,3,GAMIFICATION-SEASON2,Metro Discount of Rp10K,COUPON,C20260818100002,10979,20,0,0,
2026-09-13,30054,3,GAMIFICATION-SEASON2,Wendy's Discount of Rp5K,COUPON,C20260818140002,10979,22,0,0,
2026-09-13,30055,3,GAMIFICATION-SEASON2,Baskin Robbins Discount of Rp5K,COUPON,C20260820110001,10979,24,0,0,
2026-09-13,30056,3,GAMIFICATION-SEASON2,The Coffee Bean & Tea Leaf  Discount of Rp5K,COUPON,C20260910100001,10979,21,0,0,
2026-09-13,30057,3,GAMIFICATION-SEASON2,Metro Discount of Rp5K,COUPON,C20260818140005,10979,28,0,0,
2026-09-13,30058,3,GAMIFICATION-SEASON2,Balance Rp100,CASHBACK,,21957,36,0,0,
2026-09-13,30059,3,GAMIFICATION-SEASON2,Balance Rp500,CASHBACK,,43914,92,0,0,
2026-09-13,30060,3,GAMIFICATION-SEASON2,Balance Rp700,CASHBACK,,43914,79,0,0,
2026-09-13,30061,3,GAMIFICATION-SEASON2,Balance Rp1.000,CASHBACK,,32936,45,0,0,
2026-09-13,30062,4,GAMIFICATION-SEASON2,Tokopedia Discount of Rp10K,COUPON,C20260818150001,10713,27,0,0,
2026-09-13,30063,4,GAMIFICATION-SEASON2,Blibli Discount of Rp15K,COUPON,C20260818150002,5357,15,0,0,
2026-09-13,30064,4,GAMIFICATION-SEASON2,Metro Discount of Rp50K,COUPON,C20260818150003,5357,9,0,0,
2026-09-13,30065,4,GAMIFICATION-SEASON2,Metro Discount of Rp15K,COUPON,C20260818150004,10713,26,0,0,
2026-09-13,30066,4,GAMIFICATION-SEASON2,Metro Discount of Rp10K,COUPON,C20260818150008,10713,28,0,0,
2026-09-13,30067,4,GAMIFICATION-SEASON2,Zena Discount of Rp100K,COUPON,C20260827110001,30,2,0,0,
2026-09-13,30068,4,GAMIFICATION-SEASON2,Prime Bag by Zena,COUPON,C20260821160004,6,2,0,0,
2026-09-13,30069,4,GAMIFICATION-SEASON2,Iris Bag by Zena,COUPON,C20260821160005,7,0,0,0,
2026-09-13,30070,4,GAMIFICATION-SEASON2,Balance Rp100,CASHBACK,,12856,18,0,0,
2026-09-13,30071,4,GAMIFICATION-SEASON2,Balance Rp500,CASHBACK,,21426,26,0,0,
2026-09-13,30072,4,GAMIFICATION-SEASON2,Balance Rp700,CASHBACK,,16070,23,0,0,
2026-09-13,30073,4,GAMIFICATION-SEASON2,Balance Rp1.000,CASHBACK,,10713,17,0,0,
2026-09-13,30125,4,GAMIFICATION-SEASON2,JD Sports Discount of Rp100K,COUPON,C20260909140001,346,0,0,0,
2026-09-13,30126,4,GAMIFICATION-SEASON2,JD Sports Discount of Rp50K,COUPON,C20260909140002,346,2,0,0,
2026-09-13,30074,5,GAMIFICATION-SEASON2,Weverse Digital Membership,COUPON,C20260826140001,821,0,0,0,
2026-09-13,30075,5,GAMIFICATION-SEASON2,5 Weverse Jelly,COUPON,C20260826140002,57,4,0,0,
2026-09-13,30076,5,GAMIFICATION-SEASON2,Weverse DM,COUPON,C20260826150001,91,0,0,0,
2026-09-13,30077,5,GAMIFICATION-SEASON2,Balance Rp500,CASHBACK,,13675,5,0,0,
2026-09-13,30078,5,GAMIFICATION-SEASON2,Balance Rp1.000,CASHBACK,,4558,3,0,0,
2026-09-13,30079,5,GAMIFICATION-SEASON2,Balance Rp2.000,CASHBACK,,4558,0,0,0,
2026-09-13,30080,5,GAMIFICATION-SEASON2,Balance Rp5.000,CASHBACK,,2279,0,0,0,
2026-09-13,30081,6,GAMIFICATION-SEASON2,Cinema XXI Discount of Rp75K,COUPON,C20260814170004,2144,0,0,0,
2026-09-13,30082,6,GAMIFICATION-SEASON2,Cinema XXI Discount of Rp50K,COUPON,C20260812160002,4288,0,0,0,
2026-09-13,30083,6,GAMIFICATION-SEASON2,Cinema XXI Discount of Rp20K,COUPON,C20260812160004,5360,0,0,0,
2026-09-13,30084,6,GAMIFICATION-SEASON2,Balance Rp1.000,CASHBACK,,3216,0,0,0,
2026-09-13,30085,6,GAMIFICATION-SEASON2,Balance Rp2.000,CASHBACK,,3216,1,0,0,
2026-09-13,30086,6,GAMIFICATION-SEASON2,Balance Rp3.000,CASHBACK,,3216,0,0,0,
2026-09-13,30087,7,GAMIFICATION-SEASON2,Shopee Discount of Rp500K,COUPON,C20260821150001,6,0,0,0,
2026-09-13,30088,7,GAMIFICATION-SEASON2,Shopee Discount of Rp100K,COUPON,C20260821150003,13,0,0,0,
2026-09-13,30089,7,GAMIFICATION-SEASON2,Shopee Discount of Rp50K,COUPON,C20260821150004,13,0,0,0,
2026-09-13,30090,7,GAMIFICATION-SEASON2,Blibli Discount of Rp50K,COUPON,C20260821160001,13,0,0,0,
2026-09-13,30091,7,GAMIFICATION-SEASON2,Gocar Discount of Rp25K,COUPON,C20260821150005,132,0,0,0,
2026-09-13,30092,7,GAMIFICATION-SEASON2,GoFood Discount of Rp25K,COUPON,C20260821150006,211,0,0,0,
2026-09-13,30093,7,GAMIFICATION-SEASON2,GoFood Discount of Rp50K,COUPON,C20260821150007,132,0,0,0,
2026-09-13,30094,7,GAMIFICATION-SEASON2,GrabFood Discount of Rp50K,COUPON,,13,0,0,0,
2026-09-13,30095,7,GAMIFICATION-SEASON2,Balance Rp1.000,CASHBACK,,395,0,0,0,
2026-09-13,30096,7,GAMIFICATION-SEASON2,Balance Rp2.000,CASHBACK,,2633,0,0,0,
2026-09-13,30097,7,GAMIFICATION-SEASON2,Balance Rp5.000,CASHBACK,,1304,0,0,0,
2026-09-13,30098,8,GAMIFICATION-SEASON2,All Pro Bag by Zena,COUPON,C20260821160006,2,0,0,0,
2026-09-13,30099,8,GAMIFICATION-SEASON2,City Bag by Zena,COUPON,C20260821160007,2,0,0,0,
2026-09-13,30100,8,GAMIFICATION-SEASON2,Aero Bag by Zena,COUPON,C20260821160008,2,0,0,0,
2026-09-13,30101,8,GAMIFICATION-SEASON2,Balance Rp5.000,CASHBACK,,2236,0,0,0,
2026-09-13,30102,8,GAMIFICATION-SEASON2,Balance Rp10.000,CASHBACK,,1491,0,0,0,
2026-09-13,30127,8,GAMIFICATION-SEASON2,Rp100k Court Disc by DOOgether,COUPON,,5,0,0,0,
2026-09-13,30128,8,GAMIFICATION-SEASON2,JD Sports Discount of Rp200K,COUPON,C20260909140003,745,0,0,0,
2026-09-13,30129,8,GAMIFICATION-SEASON2,JD Sports Rp500k,COUPON,C20260909140004,7,0,0,0,
2026-09-13,30130,8,GAMIFICATION-SEASON2,JD Sports 100K Discount,COUPON,C20260909140005,1118,0,0,0,
2026-09-13,30131,8,GAMIFICATION-SEASON2,JD Sports Rp150K Discount,COUPON,C20260909140006,1118,0,0,0,
2026-09-13,30132,8,GAMIFICATION-SEASON2,On Cloudtilt Shoes (JD Sports),COUPON,C20260909150005,1,0,0,0,
2026-09-13,30133,8,GAMIFICATION-SEASON2,1 Session in Strong Pilates,COUPON,,0,0,0,0,
2026-09-13,30103,9,GAMIFICATION-SEASON2,Tokopedia Discount of Rp25K,COUPON,C20260821140001,629,0,0,0,
2026-09-13,30104,9,GAMIFICATION-SEASON2,Blibli Discount of Rp50K,COUPON,C20260821140002,1593,0,0,0,
2026-09-13,30105,9,GAMIFICATION-SEASON2,Balance Rp10.000,CASHBACK,,922,0,0,0,
2026-09-13,30106,9,GAMIFICATION-SEASON2,Balance Rp20.000,CASHBACK,,629,0,0,0,
2026-09-13,30107,9,GAMIFICATION-SEASON2,Balance Rp30.000,CASHBACK,,210,0,0,0,
2026-09-13,30134,9,GAMIFICATION-SEASON2,K-Pop Lightstick,COUPON,C20260909150009,10,0,0,0,
2026-09-13,30135,9,GAMIFICATION-SEASON2,K-Pop Album,COUPON,C20260909150010,10,0,0,0,
2026-09-13,30108,10,GAMIFICATION-SEASON2,Ismaya+ Discount of Rp10K,COUPON,C20260818150009,211,0,0,0,
2026-09-13,30109,10,GAMIFICATION-SEASON2,Ismaya+ Discount of Rp250K,COUPON,C20260813100004,5,0,0,0,
2026-09-13,30110,10,GAMIFICATION-SEASON2,Ismaya+ Discount of Rp150K,COUPON,C20260818150007,7,0,0,0,
2026-09-13,30111,10,GAMIFICATION-SEASON2,Ismaya+ Discount of Rp100K,COUPON,C20260812150001,5,0,0,0,
2026-09-13,30112,10,GAMIFICATION-SEASON2,Ismaya+ Discount of Rp50K,COUPON,C20260812150002,2,0,0,0,
2026-09-13,30113,10,GAMIFICATION-SEASON2,Balance Rp10.000,CASHBACK,,329,0,0,0,
2026-09-13,30114,10,GAMIFICATION-SEASON2,Balance Rp20.000,CASHBACK,,52,0,0,0,
2026-09-13,30115,11,GAMIFICATION-SEASON2,Antavaya Discount of Rp200K,COUPON,C20260818150006,311,0,0,0,
2026-09-13,30116,11,GAMIFICATION-SEASON2,Tokopedia Discount of Rp300K,COUPON,C20260812150004,130,0,0,0,
2026-09-13,30117,11,GAMIFICATION-SEASON2,Blibli Discount of Rp200K,COUPON,C20260818150005,194,0,0,0,
2026-09-13,30118,11,GAMIFICATION-SEASON2,Tokopedia Discount of Rp200K,COUPON,C20260812160003,130,0,0,0,
2026-09-13,30119,11,GAMIFICATION-SEASON2,Tokopedia Discount of Rp100K,COUPON,C20260812160005,130,0,0,0,
2026-09-13,30120,11,GAMIFICATION-SEASON2,Blibli Discount of Rp75K,COUPON,C20260812160006,324,0,0,0,
2026-09-13,30121,11,GAMIFICATION-SEASON2,Balance Rp50.000,CASHBACK,,65,0,0,0,
2026-09-13,30136,11,GAMIFICATION-SEASON2,Trip to South Korea,COUPON,C20260909150006,2,0,0,0,
2026-09-13,30122,12,GAMIFICATION-SEASON2,Tokopedia Discount of Rp300K,COUPON,C20260812160007,153,0,0,0,
2026-09-13,30123,12,GAMIFICATION-SEASON2,Blibli Discount of Rp200K,COUPON,C20260812170001,219,0,0,0,
2026-09-13,30124,12,GAMIFICATION-SEASON2,Balance Rp50.000,CASHBACK,,20,0,0,0,
2026-09-13,30137,12,GAMIFICATION-SEASON2,iPhone Air 17,COUPON,C20260909150007,1,0,0,0,
2026-09-13,30138,12,GAMIFICATION-SEASON2,Airpods 4,COUPON,C20260909150008,4,0,0,0,
2026-09-14,30034,1,GAMIFICATION-SEASON2,Indomaret Discount of Rp5K,COUPON,C20260907100004,25000,38,0,0,
2026-09-14,30035,1,GAMIFICATION-SEASON2,Cinema XXI Discount of Rp5K,COUPON,C20260907090002,25000,45,0,0,
2026-09-14,30036,1,GAMIFICATION-SEASON2,Green SM Discount of Rp5K,COUPON,C20260907100001,25000,41,0,0,
2026-09-14,30037,1,GAMIFICATION-SEASON2,Bluebird Discount of Rp5K,COUPON,C20260907100002,25000,49,0,0,
2026-09-14,30038,1,GAMIFICATION-SEASON2,Tokopedia Discount of Rp5K,COUPON,C20260907100005,25000,72,0,0,
2026-09-14,30039,1,GAMIFICATION-SEASON2,Balance Rp100,CASHBACK,,211809,281,0,0,
2026-09-14,30040,1,GAMIFICATION-SEASON2,Balance Rp500,CASHBACK,,141206,173,0,0,
2026-09-14,30041,1,GAMIFICATION-SEASON2,Balance Rp700,CASHBACK,,70603,80,0,0,
2026-09-14,30042,1,GAMIFICATION-SEASON2,Balance Rp1.000,CASHBACK,,70603,81,0,0,
2026-09-14,30043,2,GAMIFICATION-SEASON2,5 Weverse Jelly,COUPON,C20260818100001,41,8,0,0,
2026-09-14,30044,2,GAMIFICATION-SEASON2,Indomaret Discount of Rp5K,COUPON,C20260907090001,20000,54,0,0,
2026-09-14,30045,2,GAMIFICATION-SEASON2,Tokopedia Discount of Rp5K,COUPON,C20260907100003,25000,52,0,0,
2026-09-14,30046,2,GAMIFICATION-SEASON2,Blibli Discount of Rp5K,COUPON,C20260907100006,25000,105,0,0,
2026-09-14,30047,2,GAMIFICATION-SEASON2,15% Discount in Ismaya+ Merchant,COUPON,C20260827120001,408,5,0,0,
2026-09-14,30048,2,GAMIFICATION-SEASON2,Balance Rp100,CASHBACK,,122404,170,0,0,
2026-09-14,30049,2,GAMIFICATION-SEASON2,Balance Rp500,CASHBACK,,61202,106,0,0,
2026-09-14,30050,2,GAMIFICATION-SEASON2,Balance Rp700,CASHBACK,,61202,83,0,0,
2026-09-14,30051,2,GAMIFICATION-SEASON2,Balance Rp1.000,CASHBACK,,12240,18,1,1,1000.00
2026-09-14,30052,3,GAMIFICATION-SEASON2,Transmart Discount of Rp10K,COUPON,C20260812110002,21957,43,0,0,
2026-09-14,30053,3,GAMIFICATION-SEASON2,Metro Discount of Rp10K,COUPON,C20260818100002,10979,20,0,0,
2026-09-14,30054,3,GAMIFICATION-SEASON2,Wendy's Discount of Rp5K,COUPON,C20260818140002,10979,22,0,0,
2026-09-14,30055,3,GAMIFICATION-SEASON2,Baskin Robbins Discount of Rp5K,COUPON,C20260820110001,10979,24,0,0,
2026-09-14,30056,3,GAMIFICATION-SEASON2,The Coffee Bean & Tea Leaf  Discount of Rp5K,COUPON,C20260910100001,10979,21,0,0,
2026-09-14,30057,3,GAMIFICATION-SEASON2,Metro Discount of Rp5K,COUPON,C20260818140005,10979,28,0,0,
2026-09-14,30058,3,GAMIFICATION-SEASON2,Balance Rp100,CASHBACK,,21957,36,0,0,
2026-09-14,30059,3,GAMIFICATION-SEASON2,Balance Rp500,CASHBACK,,43914,92,0,0,
2026-09-14,30060,3,GAMIFICATION-SEASON2,Balance Rp700,CASHBACK,,43914,79,0,0,
2026-09-14,30061,3,GAMIFICATION-SEASON2,Balance Rp1.000,CASHBACK,,32936,45,0,0,
2026-09-14,30062,4,GAMIFICATION-SEASON2,Tokopedia Discount of Rp10K,COUPON,C20260818150001,10713,27,0,0,
2026-09-14,30063,4,GAMIFICATION-SEASON2,Blibli Discount of Rp15K,COUPON,C20260818150002,5357,15,0,0,
2026-09-14,30064,4,GAMIFICATION-SEASON2,Metro Discount of Rp50K,COUPON,C20260818150003,5357,9,0,0,
2026-09-14,30065,4,GAMIFICATION-SEASON2,Metro Discount of Rp15K,COUPON,C20260818150004,10713,26,0,0,
2026-09-14,30066,4,GAMIFICATION-SEASON2,Metro Discount of Rp10K,COUPON,C20260818150008,10713,28,0,0,
2026-09-14,30067,4,GAMIFICATION-SEASON2,Zena Discount of Rp100K,COUPON,C20260827110001,30,2,0,0,
2026-09-14,30068,4,GAMIFICATION-SEASON2,Prime Bag by Zena,COUPON,C20260821160004,6,2,0,0,
2026-09-14,30069,4,GAMIFICATION-SEASON2,Iris Bag by Zena,COUPON,C20260821160005,7,0,0,0,
2026-09-14,30070,4,GAMIFICATION-SEASON2,Balance Rp100,CASHBACK,,12856,18,0,0,
2026-09-14,30071,4,GAMIFICATION-SEASON2,Balance Rp500,CASHBACK,,21426,26,0,0,
2026-09-14,30072,4,GAMIFICATION-SEASON2,Balance Rp700,CASHBACK,,16070,23,0,0,
2026-09-14,30073,4,GAMIFICATION-SEASON2,Balance Rp1.000,CASHBACK,,10713,17,0,0,
2026-09-14,30125,4,GAMIFICATION-SEASON2,JD Sports Discount of Rp100K,COUPON,C20260909140001,346,0,0,0,
2026-09-14,30126,4,GAMIFICATION-SEASON2,JD Sports Discount of Rp50K,COUPON,C20260909140002,346,2,0,0,
2026-09-14,30074,5,GAMIFICATION-SEASON2,Weverse Digital Membership,COUPON,C20260826140001,821,0,0,0,
2026-09-14,30075,5,GAMIFICATION-SEASON2,5 Weverse Jelly,COUPON,C20260826140002,57,4,0,0,
2026-09-14,30076,5,GAMIFICATION-SEASON2,Weverse DM,COUPON,C20260826150001,91,0,0,0,
2026-09-14,30077,5,GAMIFICATION-SEASON2,Balance Rp500,CASHBACK,,13675,5,0,0,
2026-09-14,30078,5,GAMIFICATION-SEASON2,Balance Rp1.000,CASHBACK,,4558,3,0,0,
2026-09-14,30079,5,GAMIFICATION-SEASON2,Balance Rp2.000,CASHBACK,,4558,0,0,0,
2026-09-14,30080,5,GAMIFICATION-SEASON2,Balance Rp5.000,CASHBACK,,2279,0,0,0,
2026-09-14,30081,6,GAMIFICATION-SEASON2,Cinema XXI Discount of Rp75K,COUPON,C20260814170004,2144,0,0,0,
2026-09-14,30082,6,GAMIFICATION-SEASON2,Cinema XXI Discount of Rp50K,COUPON,C20260812160002,4288,0,0,0,
2026-09-14,30083,6,GAMIFICATION-SEASON2,Cinema XXI Discount of Rp20K,COUPON,C20260812160004,5360,0,0,0,
2026-09-14,30084,6,GAMIFICATION-SEASON2,Balance Rp1.000,CASHBACK,,3216,0,0,0,
2026-09-14,30085,6,GAMIFICATION-SEASON2,Balance Rp2.000,CASHBACK,,3216,1,0,0,
2026-09-14,30086,6,GAMIFICATION-SEASON2,Balance Rp3.000,CASHBACK,,3216,0,0,0,
2026-09-14,30087,7,GAMIFICATION-SEASON2,Shopee Discount of Rp500K,COUPON,C20260821150001,6,0,0,0,
2026-09-14,30088,7,GAMIFICATION-SEASON2,Shopee Discount of Rp100K,COUPON,C20260821150003,13,0,0,0,
2026-09-14,30089,7,GAMIFICATION-SEASON2,Shopee Discount of Rp50K,COUPON,C20260821150004,13,0,0,0,
2026-09-14,30090,7,GAMIFICATION-SEASON2,Blibli Discount of Rp50K,COUPON,C20260821160001,13,0,0,0,
2026-09-14,30091,7,GAMIFICATION-SEASON2,Gocar Discount of Rp25K,COUPON,C20260821150005,132,0,0,0,
2026-09-14,30092,7,GAMIFICATION-SEASON2,GoFood Discount of Rp25K,COUPON,C20260821150006,211,0,0,0,
2026-09-14,30093,7,GAMIFICATION-SEASON2,GoFood Discount of Rp50K,COUPON,C20260821150007,132,0,0,0,
2026-09-14,30094,7,GAMIFICATION-SEASON2,GrabFood Discount of Rp50K,COUPON,,13,0,0,0,
2026-09-14,30095,7,GAMIFICATION-SEASON2,Balance Rp1.000,CASHBACK,,395,0,0,0,
2026-09-14,30096,7,GAMIFICATION-SEASON2,Balance Rp2.000,CASHBACK,,2633,0,0,0,
2026-09-14,30097,7,GAMIFICATION-SEASON2,Balance Rp5.000,CASHBACK,,1304,0,0,0,
2026-09-14,30098,8,GAMIFICATION-SEASON2,All Pro Bag by Zena,COUPON,C20260821160006,2,0,0,0,
2026-09-14,30099,8,GAMIFICATION-SEASON2,City Bag by Zena,COUPON,C20260821160007,2,0,0,0,
2026-09-14,30100,8,GAMIFICATION-SEASON2,Aero Bag by Zena,COUPON,C20260821160008,2,0,0,0,
2026-09-14,30101,8,GAMIFICATION-SEASON2,Balance Rp5.000,CASHBACK,,2236,0,0,0,
2026-09-14,30102,8,GAMIFICATION-SEASON2,Balance Rp10.000,CASHBACK,,1491,0,0,0,
2026-09-14,30127,8,GAMIFICATION-SEASON2,Rp100k Court Disc by DOOgether,COUPON,,5,0,0,0,
2026-09-14,30128,8,GAMIFICATION-SEASON2,JD Sports Discount of Rp200K,COUPON,C20260909140003,745,0,0,0,
2026-09-14,30129,8,GAMIFICATION-SEASON2,JD Sports Rp500k,COUPON,C20260909140004,7,0,0,0,
2026-09-14,30130,8,GAMIFICATION-SEASON2,JD Sports 100K Discount,COUPON,C20260909140005,1118,0,0,0,
2026-09-14,30131,8,GAMIFICATION-SEASON2,JD Sports Rp150K Discount,COUPON,C20260909140006,1118,0,0,0,
2026-09-14,30132,8,GAMIFICATION-SEASON2,On Cloudtilt Shoes (JD Sports),COUPON,C20260909150005,1,0,0,0,
2026-09-14,30133,8,GAMIFICATION-SEASON2,1 Session in Strong Pilates,COUPON,,0,0,0,0,
2026-09-14,30103,9,GAMIFICATION-SEASON2,Tokopedia Discount of Rp25K,COUPON,C20260821140001,629,0,0,0,
2026-09-14,30104,9,GAMIFICATION-SEASON2,Blibli Discount of Rp50K,COUPON,C20260821140002,1593,0,0,0,
2026-09-14,30105,9,GAMIFICATION-SEASON2,Balance Rp10.000,CASHBACK,,922,0,0,0,
2026-09-14,30106,9,GAMIFICATION-SEASON2,Balance Rp20.000,CASHBACK,,629,0,0,0,
2026-09-14,30107,9,GAMIFICATION-SEASON2,Balance Rp30.000,CASHBACK,,210,0,0,0,
2026-09-14,30134,9,GAMIFICATION-SEASON2,K-Pop Lightstick,COUPON,C20260909150009,10,0,0,0,
2026-09-14,30135,9,GAMIFICATION-SEASON2,K-Pop Album,COUPON,C20260909150010,10,0,0,0,
2026-09-14,30108,10,GAMIFICATION-SEASON2,Ismaya+ Discount of Rp10K,COUPON,C20260818150009,211,0,0,0,
2026-09-14,30109,10,GAMIFICATION-SEASON2,Ismaya+ Discount of Rp250K,COUPON,C20260813100004,5,0,0,0,
2026-09-14,30110,10,GAMIFICATION-SEASON2,Ismaya+ Discount of Rp150K,COUPON,C20260818150007,7,0,0,0,
2026-09-14,30111,10,GAMIFICATION-SEASON2,Ismaya+ Discount of Rp100K,COUPON,C20260812150001,5,0,0,0,
2026-09-14,30112,10,GAMIFICATION-SEASON2,Ismaya+ Discount of Rp50K,COUPON,C20260812150002,2,0,0,0,
2026-09-14,30113,10,GAMIFICATION-SEASON2,Balance Rp10.000,CASHBACK,,329,0,0,0,
2026-09-14,30114,10,GAMIFICATION-SEASON2,Balance Rp20.000,CASHBACK,,52,0,0,0,
2026-09-14,30115,11,GAMIFICATION-SEASON2,Antavaya Discount of Rp200K,COUPON,C20260818150006,311,0,0,0,
2026-09-14,30116,11,GAMIFICATION-SEASON2,Tokopedia Discount of Rp300K,COUPON,C20260812150004,130,0,0,0,
2026-09-14,30117,11,GAMIFICATION-SEASON2,Blibli Discount of Rp200K,COUPON,C20260818150005,194,0,0,0,
2026-09-14,30118,11,GAMIFICATION-SEASON2,Tokopedia Discount of Rp200K,COUPON,C20260812160003,130,0,0,0,
2026-09-14,30119,11,GAMIFICATION-SEASON2,Tokopedia Discount of Rp100K,COUPON,C20260812160005,130,0,0,0,
2026-09-14,30120,11,GAMIFICATION-SEASON2,Blibli Discount of Rp75K,COUPON,C20260812160006,324,0,0,0,
2026-09-14,30121,11,GAMIFICATION-SEASON2,Balance Rp50.000,CASHBACK,,65,0,0,0,
2026-09-14,30136,11,GAMIFICATION-SEASON2,Trip to South Korea,COUPON,C20260909150006,2,0,0,0,
2026-09-14,30122,12,GAMIFICATION-SEASON2,Tokopedia Discount of Rp300K,COUPON,C20260812160007,153,0,0,0,
2026-09-14,30123,12,GAMIFICATION-SEASON2,Blibli Discount of Rp200K,COUPON,C20260812170001,219,0,0,0,
2026-09-14,30124,12,GAMIFICATION-SEASON2,Balance Rp50.000,CASHBACK,,20,0,0,0,
2026-09-14,30137,12,GAMIFICATION-SEASON2,iPhone Air 17,COUPON,C20260909150007,1,0,0,0,
2026-09-14,30138,12,GAMIFICATION-SEASON2,Airpods 4,COUPON,C20260909150008,4,0,0,0,
2026-09-15,30034,1,GAMIFICATION-SEASON2,Indomaret Discount of Rp5K,COUPON,C20260907100004,25000,38,0,0,
2026-09-15,30035,1,GAMIFICATION-SEASON2,Cinema XXI Discount of Rp5K,COUPON,C20260907090002,25000,45,0,0,
2026-09-15,30036,1,GAMIFICATION-SEASON2,Green SM Discount of Rp5K,COUPON,C20260907100001,25000,41,0,0,
2026-09-15,30037,1,GAMIFICATION-SEASON2,Bluebird Discount of Rp5K,COUPON,C20260907100002,25000,49,0,0,
2026-09-15,30038,1,GAMIFICATION-SEASON2,Tokopedia Discount of Rp5K,COUPON,C20260907100005,25000,72,0,0,
2026-09-15,30039,1,GAMIFICATION-SEASON2,Balance Rp100,CASHBACK,,211809,281,0,0,
2026-09-15,30040,1,GAMIFICATION-SEASON2,Balance Rp500,CASHBACK,,141206,173,0,0,
2026-09-15,30041,1,GAMIFICATION-SEASON2,Balance Rp700,CASHBACK,,70603,80,0,0,
2026-09-15,30042,1,GAMIFICATION-SEASON2,Balance Rp1.000,CASHBACK,,70603,81,0,0,
2026-09-15,30043,2,GAMIFICATION-SEASON2,5 Weverse Jelly,COUPON,C20260818100001,41,8,0,0,
2026-09-15,30044,2,GAMIFICATION-SEASON2,Indomaret Discount of Rp5K,COUPON,C20260907090001,20000,54,0,0,
2026-09-15,30045,2,GAMIFICATION-SEASON2,Tokopedia Discount of Rp5K,COUPON,C20260907100003,25000,52,0,0,
2026-09-15,30046,2,GAMIFICATION-SEASON2,Blibli Discount of Rp5K,COUPON,C20260907100006,25000,105,0,0,
2026-09-15,30047,2,GAMIFICATION-SEASON2,15% Discount in Ismaya+ Merchant,COUPON,C20260827120001,408,5,0,0,
2026-09-15,30048,2,GAMIFICATION-SEASON2,Balance Rp100,CASHBACK,,122404,170,0,0,
2026-09-15,30049,2,GAMIFICATION-SEASON2,Balance Rp500,CASHBACK,,61202,106,0,0,
2026-09-15,30050,2,GAMIFICATION-SEASON2,Balance Rp700,CASHBACK,,61202,83,0,0,
2026-09-15,30051,2,GAMIFICATION-SEASON2,Balance Rp1.000,CASHBACK,,12240,18,0,0,
2026-09-15,30052,3,GAMIFICATION-SEASON2,Transmart Discount of Rp10K,COUPON,C20260812110002,21957,43,0,0,
2026-09-15,30053,3,GAMIFICATION-SEASON2,Metro Discount of Rp10K,COUPON,C20260818100002,10979,20,0,0,
2026-09-15,30054,3,GAMIFICATION-SEASON2,Wendy's Discount of Rp5K,COUPON,C20260818140002,10979,22,0,0,
2026-09-15,30055,3,GAMIFICATION-SEASON2,Baskin Robbins Discount of Rp5K,COUPON,C20260820110001,10979,24,0,0,
2026-09-15,30056,3,GAMIFICATION-SEASON2,The Coffee Bean & Tea Leaf  Discount of Rp5K,COUPON,C20260910100001,10979,21,0,0,
2026-09-15,30057,3,GAMIFICATION-SEASON2,Metro Discount of Rp5K,COUPON,C20260818140005,10979,28,0,0,
2026-09-15,30058,3,GAMIFICATION-SEASON2,Balance Rp100,CASHBACK,,21957,36,0,0,
2026-09-15,30059,3,GAMIFICATION-SEASON2,Balance Rp500,CASHBACK,,43914,92,0,0,
2026-09-15,30060,3,GAMIFICATION-SEASON2,Balance Rp700,CASHBACK,,43914,79,0,0,
2026-09-15,30061,3,GAMIFICATION-SEASON2,Balance Rp1.000,CASHBACK,,32936,45,0,0,
2026-09-15,30062,4,GAMIFICATION-SEASON2,Tokopedia Discount of Rp10K,COUPON,C20260818150001,10713,27,0,0,
2026-09-15,30063,4,GAMIFICATION-SEASON2,Blibli Discount of Rp15K,COUPON,C20260818150002,5357,15,0,0,
2026-09-15,30064,4,GAMIFICATION-SEASON2,Metro Discount of Rp50K,COUPON,C20260818150003,5357,9,0,0,
2026-09-15,30065,4,GAMIFICATION-SEASON2,Metro Discount of Rp15K,COUPON,C20260818150004,10713,26,0,0,
2026-09-15,30066,4,GAMIFICATION-SEASON2,Metro Discount of Rp10K,COUPON,C20260818150008,10713,28,0,0,
2026-09-15,30067,4,GAMIFICATION-SEASON2,Zena Discount of Rp100K,COUPON,C20260827110001,30,2,0,0,
2026-09-15,30068,4,GAMIFICATION-SEASON2,Prime Bag by Zena,COUPON,C20260821160004,6,2,0,0,
2026-09-15,30069,4,GAMIFICATION-SEASON2,Iris Bag by Zena,COUPON,C20260821160005,7,0,0,0,
2026-09-15,30070,4,GAMIFICATION-SEASON2,Balance Rp100,CASHBACK,,12856,18,0,0,
2026-09-15,30071,4,GAMIFICATION-SEASON2,Balance Rp500,CASHBACK,,21426,26,0,0,
2026-09-15,30072,4,GAMIFICATION-SEASON2,Balance Rp700,CASHBACK,,16070,23,0,0,
2026-09-15,30073,4,GAMIFICATION-SEASON2,Balance Rp1.000,CASHBACK,,10713,17,0,0,
2026-09-15,30125,4,GAMIFICATION-SEASON2,JD Sports Discount of Rp100K,COUPON,C20260909140001,346,0,0,0,
2026-09-15,30126,4,GAMIFICATION-SEASON2,JD Sports Discount of Rp50K,COUPON,C20260909140002,346,2,0,0,
2026-09-15,30074,5,GAMIFICATION-SEASON2,Weverse Digital Membership,COUPON,C20260826140001,821,0,0,0,
2026-09-15,30075,5,GAMIFICATION-SEASON2,5 Weverse Jelly,COUPON,C20260826140002,57,4,0,0,
2026-09-15,30076,5,GAMIFICATION-SEASON2,Weverse DM,COUPON,C20260826150001,91,0,0,0,
2026-09-15,30077,5,GAMIFICATION-SEASON2,Balance Rp500,CASHBACK,,13675,5,0,0,
2026-09-15,30078,5,GAMIFICATION-SEASON2,Balance Rp1.000,CASHBACK,,4558,3,0,0,
2026-09-15,30079,5,GAMIFICATION-SEASON2,Balance Rp2.000,CASHBACK,,4558,0,0,0,
2026-09-15,30080,5,GAMIFICATION-SEASON2,Balance Rp5.000,CASHBACK,,2279,0,0,0,
2026-09-15,30081,6,GAMIFICATION-SEASON2,Cinema XXI Discount of Rp75K,COUPON,C20260814170004,2144,0,0,0,
2026-09-15,30082,6,GAMIFICATION-SEASON2,Cinema XXI Discount of Rp50K,COUPON,C20260812160002,4288,0,0,0,
2026-09-15,30083,6,GAMIFICATION-SEASON2,Cinema XXI Discount of Rp20K,COUPON,C20260812160004,5360,0,0,0,
2026-09-15,30084,6,GAMIFICATION-SEASON2,Balance Rp1.000,CASHBACK,,3216,0,0,0,
2026-09-15,30085,6,GAMIFICATION-SEASON2,Balance Rp2.000,CASHBACK,,3216,1,0,0,
2026-09-15,30086,6,GAMIFICATION-SEASON2,Balance Rp3.000,CASHBACK,,3216,0,0,0,
2026-09-15,30087,7,GAMIFICATION-SEASON2,Shopee Discount of Rp500K,COUPON,C20260821150001,6,0,0,0,
2026-09-15,30088,7,GAMIFICATION-SEASON2,Shopee Discount of Rp100K,COUPON,C20260821150003,13,0,0,0,
2026-09-15,30089,7,GAMIFICATION-SEASON2,Shopee Discount of Rp50K,COUPON,C20260821150004,13,0,0,0,
2026-09-15,30090,7,GAMIFICATION-SEASON2,Blibli Discount of Rp50K,COUPON,C20260821160001,13,0,0,0,
2026-09-15,30091,7,GAMIFICATION-SEASON2,Gocar Discount of Rp25K,COUPON,C20260821150005,132,0,0,0,
2026-09-15,30092,7,GAMIFICATION-SEASON2,GoFood Discount of Rp25K,COUPON,C20260821150006,211,0,0,0,
2026-09-15,30093,7,GAMIFICATION-SEASON2,GoFood Discount of Rp50K,COUPON,C20260821150007,132,0,0,0,
2026-09-15,30094,7,GAMIFICATION-SEASON2,GrabFood Discount of Rp50K,COUPON,,13,0,0,0,
2026-09-15,30095,7,GAMIFICATION-SEASON2,Balance Rp1.000,CASHBACK,,395,0,0,0,
2026-09-15,30096,7,GAMIFICATION-SEASON2,Balance Rp2.000,CASHBACK,,2633,0,0,0,
2026-09-15,30097,7,GAMIFICATION-SEASON2,Balance Rp5.000,CASHBACK,,1304,0,0,0,
2026-09-15,30098,8,GAMIFICATION-SEASON2,All Pro Bag by Zena,COUPON,C20260821160006,2,0,0,0,
2026-09-15,30099,8,GAMIFICATION-SEASON2,City Bag by Zena,COUPON,C20260821160007,2,0,0,0,
2026-09-15,30100,8,GAMIFICATION-SEASON2,Aero Bag by Zena,COUPON,C20260821160008,2,0,0,0,
2026-09-15,30101,8,GAMIFICATION-SEASON2,Balance Rp5.000,CASHBACK,,2236,0,0,0,
2026-09-15,30102,8,GAMIFICATION-SEASON2,Balance Rp10.000,CASHBACK,,1491,0,0,0,
2026-09-15,30127,8,GAMIFICATION-SEASON2,Rp100k Court Disc by DOOgether,COUPON,,5,0,0,0,
2026-09-15,30128,8,GAMIFICATION-SEASON2,JD Sports Discount of Rp200K,COUPON,C20260909140003,745,0,0,0,
2026-09-15,30129,8,GAMIFICATION-SEASON2,JD Sports Rp500k,COUPON,C20260909140004,7,0,0,0,
2026-09-15,30130,8,GAMIFICATION-SEASON2,JD Sports 100K Discount,COUPON,C20260909140005,1118,0,0,0,
2026-09-15,30131,8,GAMIFICATION-SEASON2,JD Sports Rp150K Discount,COUPON,C20260909140006,1118,0,0,0,
2026-09-15,30132,8,GAMIFICATION-SEASON2,On Cloudtilt Shoes (JD Sports),COUPON,C20260909150005,1,0,0,0,
2026-09-15,30133,8,GAMIFICATION-SEASON2,1 Session in Strong Pilates,COUPON,,0,0,0,0,
2026-09-15,30103,9,GAMIFICATION-SEASON2,Tokopedia Discount of Rp25K,COUPON,C20260821140001,629,0,0,0,
2026-09-15,30104,9,GAMIFICATION-SEASON2,Blibli Discount of Rp50K,COUPON,C20260821140002,1593,0,0,0,
2026-09-15,30105,9,GAMIFICATION-SEASON2,Balance Rp10.000,CASHBACK,,922,0,0,0,
2026-09-15,30106,9,GAMIFICATION-SEASON2,Balance Rp20.000,CASHBACK,,629,0,0,0,
2026-09-15,30107,9,GAMIFICATION-SEASON2,Balance Rp30.000,CASHBACK,,210,0,0,0,
2026-09-15,30134,9,GAMIFICATION-SEASON2,K-Pop Lightstick,COUPON,C20260909150009,10,0,0,0,
2026-09-15,30135,9,GAMIFICATION-SEASON2,K-Pop Album,COUPON,C20260909150010,10,0,0,0,
2026-09-15,30108,10,GAMIFICATION-SEASON2,Ismaya+ Discount of Rp10K,COUPON,C20260818150009,211,0,0,0,
2026-09-15,30109,10,GAMIFICATION-SEASON2,Ismaya+ Discount of Rp250K,COUPON,C20260813100004,5,0,0,0,
2026-09-15,30110,10,GAMIFICATION-SEASON2,Ismaya+ Discount of Rp150K,COUPON,C20260818150007,7,0,0,0,
2026-09-15,30111,10,GAMIFICATION-SEASON2,Ismaya+ Discount of Rp100K,COUPON,C20260812150001,5,0,0,0,
2026-09-15,30112,10,GAMIFICATION-SEASON2,Ismaya+ Discount of Rp50K,COUPON,C20260812150002,2,0,0,0,
2026-09-15,30113,10,GAMIFICATION-SEASON2,Balance Rp10.000,CASHBACK,,329,0,0,0,
2026-09-15,30114,10,GAMIFICATION-SEASON2,Balance Rp20.000,CASHBACK,,52,0,0,0,
2026-09-15,30115,11,GAMIFICATION-SEASON2,Antavaya Discount of Rp200K,COUPON,C20260818150006,311,0,0,0,
2026-09-15,30116,11,GAMIFICATION-SEASON2,Tokopedia Discount of Rp300K,COUPON,C20260812150004,130,0,0,0,
2026-09-15,30117,11,GAMIFICATION-SEASON2,Blibli Discount of Rp200K,COUPON,C20260818150005,194,0,0,0,
2026-09-15,30118,11,GAMIFICATION-SEASON2,Tokopedia Discount of Rp200K,COUPON,C20260812160003,130,0,0,0,
2026-09-15,30119,11,GAMIFICATION-SEASON2,Tokopedia Discount of Rp100K,COUPON,C20260812160005,130,0,0,0,
2026-09-15,30120,11,GAMIFICATION-SEASON2,Blibli Discount of Rp75K,COUPON,C20260812160006,324,0,0,0,
2026-09-15,30121,11,GAMIFICATION-SEASON2,Balance Rp50.000,CASHBACK,,65,0,0,0,
2026-09-15,30136,11,GAMIFICATION-SEASON2,Trip to South Korea,COUPON,C20260909150006,2,0,0,0,
2026-09-15,30122,12,GAMIFICATION-SEASON2,Tokopedia Discount of Rp300K,COUPON,C20260812160007,153,0,0,0,
2026-09-15,30123,12,GAMIFICATION-SEASON2,Blibli Discount of Rp200K,COUPON,C20260812170001,219,0,0,0,
2026-09-15,30124,12,GAMIFICATION-SEASON2,Balance Rp50.000,CASHBACK,,20,0,0,0,
2026-09-15,30137,12,GAMIFICATION-SEASON2,iPhone Air 17,COUPON,C20260909150007,1,0,0,0,
2026-09-15,30138,12,GAMIFICATION-SEASON2,Airpods 4,COUPON,C20260909150008,4,0,0,0,
